lang_code,vendor,variant,C_i,M_i,f_i
abk,Tamaz_Kharchlaa,Џ,145737,80285256,0.0018152399
abk,Tamaz_Kharchlaa,А,18344148,80285256,0.2284871334
abk,Tamaz_Kharchlaa,Б,1132452,80285256,0.0141053545
abk,Tamaz_Kharchlaa,В,92840,80285256,0.0011563767
abk,Tamaz_Kharchlaa,Г,1658255,80285256,0.0206545396
abk,Tamaz_Kharchlaa,Д,1459847,80285256,0.0181832515
abk,Tamaz_Kharchlaa,Е,1731714,80285256,0.0215695146
abk,Tamaz_Kharchlaa,Ж,522867,80285256,0.0065126155
abk,Tamaz_Kharchlaa,З,2340825,80285256,0.0291563497
abk,Tamaz_Kharchlaa,И,5737216,80285256,0.0714603937
abk,Tamaz_Kharchlaa,К,1364089,80285256,0.0169905294
abk,Tamaz_Kharchlaa,Л,2077551,80285256,0.0258771175
abk,Tamaz_Kharchlaa,М,1676489,80285256,0.0208816548
abk,Tamaz_Kharchlaa,Н,2993992,80285256,0.0372919282
abk,Tamaz_Kharchlaa,О,1413848,80285256,0.0176103069
abk,Tamaz_Kharchlaa,П,582454,80285256,0.0072548065
abk,Tamaz_Kharchlaa,Р,4113409,80285256,0.0512349241
abk,Tamaz_Kharchlaa,С,1961387,80285256,0.0244302266
abk,Tamaz_Kharchlaa,Т,1637088,80285256,0.0203908922
abk,Tamaz_Kharchlaa,У,2631281,80285256,0.0327741497
abk,Tamaz_Kharchlaa,Ф,88606,80285256,0.0011036398
abk,Tamaz_Kharchlaa,Х,2389243,80285256,0.0297594243
abk,Tamaz_Kharchlaa,Ц,969089,80285256,0.0120705725
abk,Tamaz_Kharchlaa,Ч,178824,80285256,0.0022273579
abk,Tamaz_Kharchlaa,Ш,1960294,80285256,0.0244166127
abk,Tamaz_Kharchlaa,Ы,6089899,80285256,0.0758532675
abk,Tamaz_Kharchlaa,Ь,2451925,80285256,0.0305401654
abk,Tamaz_Kharchlaa,Қ,860817,80285256,0.0107219811
abk,Tamaz_Kharchlaa,Ҟ,777170,80285256,0.0096801086
abk,Tamaz_Kharchlaa,Ҩ,542917,80285256,0.0067623500
abk,Tamaz_Kharchlaa,Ҭ,1235126,80285256,0.0153842195
abk,Tamaz_Kharchlaa,Ҳ,1320443,80285256,0.0164468928
abk,Tamaz_Kharchlaa,Ҵ,779618,80285256,0.0097105999
abk,Tamaz_Kharchlaa,Ҷ,128651,80285256,0.0016024237
abk,Tamaz_Kharchlaa,Ҽ,173200,80285256,0.0021573077
abk,Tamaz_Kharchlaa,Ҿ,352635,80285256,0.0043922760
abk,Tamaz_Kharchlaa,Ә,4537145,80285256,0.0565128048
abk,Tamaz_Kharchlaa,Ӡ,583806,80285256,0.0072716465
abk,Tamaz_Kharchlaa,Ӷ,194452,80285256,0.0024220138
abk,Tamaz_Kharchlaa,Ԥ,1053907,80285256,0.0131270304
abq,maxmerben,А,84454,471899,0.1789662618
abq,maxmerben,Б,8374,471899,0.0177453226
abq,maxmerben,В,25820,471899,0.0547150979
abq,maxmerben,Г,15086,471899,0.0319687052
abq,maxmerben,Д,13315,471899,0.0282157835
abq,maxmerben,Е,22143,471899,0.0469231764
abq,maxmerben,Ж,3913,471899,0.0082920286
abq,maxmerben,З,12536,471899,0.0265650065
abq,maxmerben,И,37425,471899,0.0793072246
abq,maxmerben,Й,572,471899,0.0012121238
abq,maxmerben,К,18015,471899,0.0381755418
abq,maxmerben,Л,17217,471899,0.0364845020
abq,maxmerben,М,11242,471899,0.0238228943
abq,maxmerben,Н,23980,471899,0.0508159585
abq,maxmerben,О,27840,471899,0.0589956749
abq,maxmerben,П,11964,471899,0.0253528827
abq,maxmerben,Р,28413,471899,0.0602099178
abq,maxmerben,С,19218,471899,0.0407248161
abq,maxmerben,Т,23999,471899,0.0508562214
abq,maxmerben,У,15581,471899,0.0330176584
abq,maxmerben,Ф,1258,471899,0.0026658247
abq,maxmerben,Х,12465,471899,0.0264145506
abq,maxmerben,Ч,6061,471899,0.0128438501
abq,maxmerben,Ш,6903,471899,0.0146281302
abq,maxmerben,Э,859,471899,0.0018203048
abq,maxmerben,Ю,1612,471899,0.0034159852
abq,maxmerben,Я,5203,471899,0.0110256644
abq,maxmerben,Ӏ,16431,471899,0.0348188913
abq,maxmerben,Ӣ,0,471899,0.0000000000
ady,adiga.ai,А,519789,7752784,0.0670454639
ady,adiga.ai,Б,80892,7752784,0.0104339293
ady,adiga.ai,В,31165,7752784,0.0040198463
ady,adiga.ai,Г,79623,7752784,0.0102702461
ady,adiga.ai,ГЪ,313187,7752784,0.0403967143
ady,adiga.ai,Д,145175,7752784,0.0187255314
ady,adiga.ai,Е,187236,7752784,0.0241508083
ady,adiga.ai,Ж,39529,7752784,0.0050986845
ady,adiga.ai,ЖЪ,11443,7752784,0.0014759859
ady,adiga.ai,ЖЬ,47189,7752784,0.0060867167
ady,adiga.ai,З,195040,7752784,0.0251574144
ady,adiga.ai,И,300324,7752784,0.0387375683
ady,adiga.ai,Й,15330,7752784,0.0019773542
ady,adiga.ai,К,63584,7752784,0.0082014409
ady,adiga.ai,КЪ,155611,7752784,0.0200716285
ady,adiga.ai,КӀ,164343,7752784,0.0211979335
ady,adiga.ai,Л,92966,7752784,0.0119913053
ady,adiga.ai,ЛЪ,80446,7752784,0.0103764016
ady,adiga.ai,ЛӀ,13138,7752784,0.0016946171
ady,adiga.ai,М,355877,7752784,0.0459031233
ady,adiga.ai,Н,234464,7752784,0.0302425554
ady,adiga.ai,О,241311,7752784,0.0311257221
ady,adiga.ai,П,163161,7752784,0.0210454722
ady,adiga.ai,ПӀ,19665,7752784,0.0025365082
ady,adiga.ai,Р,401485,7752784,0.0517859133
ady,adiga.ai,С,177050,7752784,0.0228369577
ady,adiga.ai,Т,249016,7752784,0.0321195586
ady,adiga.ai,ТӀ,11282,7752784,0.0014552192
ady,adiga.ai,У,421778,7752784,0.0544034246
ady,adiga.ai,Ф,117494,7752784,0.0151550720
ady,adiga.ai,Х,250366,7752784,0.0322936896
ady,adiga.ai,ХЪ,51313,7752784,0.0066186547
ady,adiga.ai,ХЬ,83032,7752784,0.0107099592
ady,adiga.ai,Ц,23414,7752784,0.0030200764
ady,adiga.ai,ЦӀ,18188,7752784,0.0023459960
ady,adiga.ai,Ч,27801,7752784,0.0035859376
ady,adiga.ai,ЧӀ,11861,7752784,0.0015299020
ady,adiga.ai,Ш,33919,7752784,0.0043750735
ady,adiga.ai,ШЪ,49888,7752784,0.0064348497
ady,adiga.ai,ШӀ,64169,7752784,0.0082768977
ady,adiga.ai,Щ,144162,7752784,0.0185948686
ady,adiga.ai,Ы,680880,7752784,0.0878239352
ady,adiga.ai,Э,1240359,7752784,0.1599888505
ady,adiga.ai,Ю,3529,7752784,0.0004551913
ady,adiga.ai,Я,38872,7752784,0.0050139408
ady,adiga.ai,Ӏ,102438,7752784,0.0132130600
agx,Ali_Kuzhuget,А,254006,1301371,0.1951833874
agx,Ali_Kuzhuget,Б,24617,1301371,0.0189162045
agx,Ali_Kuzhuget,В,33725,1301371,0.0259149774
agx,Ali_Kuzhuget,Г,15833,1301371,0.0121663999
agx,Ali_Kuzhuget,ГЪ,12373,1301371,0.0095076654
agx,Ali_Kuzhuget,ГЬ,11659,1301371,0.0089590132
agx,Ali_Kuzhuget,ГӀ,6477,1301371,0.0049770588
agx,Ali_Kuzhuget,Д,46368,1301371,0.0356301162
agx,Ali_Kuzhuget,ДЖ,6511,1301371,0.0050031851
agx,Ali_Kuzhuget,Е,73535,1301371,0.0565057927
agx,Ali_Kuzhuget,Ж,749,1301371,0.0005755469
agx,Ali_Kuzhuget,З,11249,1301371,0.0086439609
agx,Ali_Kuzhuget,И,130455,1301371,0.1002442808
agx,Ali_Kuzhuget,Й,27511,1301371,0.0211400131
agx,Ali_Kuzhuget,К,22308,1301371,0.0171419219
agx,Ali_Kuzhuget,КК,5867,1301371,0.0045083224
agx,Ali_Kuzhuget,КЪ,3002,1301371,0.0023067980
agx,Ali_Kuzhuget,КЬ,16027,1301371,0.0123154735
agx,Ali_Kuzhuget,КӀ,6347,1301371,0.0048771642
agx,Ali_Kuzhuget,Л,43646,1301371,0.0335384760
agx,Ali_Kuzhuget,М,32600,1301371,0.0250505044
agx,Ali_Kuzhuget,Н,82577,1301371,0.0634538498
agx,Ali_Kuzhuget,О,9771,1301371,0.0075082355
agx,Ali_Kuzhuget,П,9487,1301371,0.0072900042
agx,Ali_Kuzhuget,ПП,4318,1301371,0.0033180392
agx,Ali_Kuzhuget,ПӀ,14,1301371,0.0000107579
agx,Ali_Kuzhuget,Р,94871,1301371,0.0729008100
agx,Ali_Kuzhuget,С,51694,1301371,0.0397227232
agx,Ali_Kuzhuget,Т,18406,1301371,0.0141435455
agx,Ali_Kuzhuget,ТТ,14790,1301371,0.0113649374
agx,Ali_Kuzhuget,ТӀ,2160,1301371,0.0016597880
agx,Ali_Kuzhuget,У,85510,1301371,0.0657076268
agx,Ali_Kuzhuget,УЬ,4830,1301371,0.0037114704
agx,Ali_Kuzhuget,Ф,14028,1301371,0.0107794011
agx,Ali_Kuzhuget,Х,14662,1301371,0.0112665796
agx,Ali_Kuzhuget,ХЪ,11289,1301371,0.0086746977
agx,Ali_Kuzhuget,ХЬ,14904,1301371,0.0114525374
agx,Ali_Kuzhuget,ХӀ,9572,1301371,0.0073553199
agx,Ali_Kuzhuget,Ц,2715,1301371,0.0020862613
agx,Ali_Kuzhuget,ЦӀ,3428,1301371,0.0026341451
agx,Ali_Kuzhuget,Ч,14896,1301371,0.0114463900
agx,Ali_Kuzhuget,ЧЧ,670,1301371,0.0005148417
agx,Ali_Kuzhuget,ЧӀ,3144,1301371,0.0024159137
agx,Ali_Kuzhuget,Ш,13998,1301371,0.0107563485
agx,Ali_Kuzhuget,Щ,248,1301371,0.0001905683
agx,Ali_Kuzhuget,Ы,991,1301371,0.0007615046
agx,Ali_Kuzhuget,Ь,2024,1301371,0.0015552829
agx,Ali_Kuzhuget,Э,4820,1301371,0.0037037862
agx,Ali_Kuzhuget,Ю,650,1301371,0.0004994732
agx,Ali_Kuzhuget,Я,18790,1301371,0.0144386190
agx,Ali_Kuzhuget,Ӏ,7249,1301371,0.0055702793
alt,Ali_Kuzhuget,Ј,187289,13547172,0.0138249518
alt,Ali_Kuzhuget,А,1598685,13547172,0.1180087623
alt,Ali_Kuzhuget,Б,366153,13547172,0.0270280026
alt,Ali_Kuzhuget,В,112729,13547172,0.0083212201
alt,Ali_Kuzhuget,Г,345781,13547172,0.0255242201
alt,Ali_Kuzhuget,Д,576943,13547172,0.0425877076
alt,Ali_Kuzhuget,Е,951050,13547172,0.0702028438
alt,Ali_Kuzhuget,Ж,82067,13547172,0.0060578695
alt,Ali_Kuzhuget,З,181455,13547172,0.0133943084
alt,Ali_Kuzhuget,И,775531,13547172,0.0572467080
alt,Ali_Kuzhuget,Й,288976,13547172,0.0213310940
alt,Ali_Kuzhuget,К,724109,13547172,0.0534509343
alt,Ali_Kuzhuget,Л,752632,13547172,0.0555563921
alt,Ali_Kuzhuget,М,268068,13547172,0.0197877461
alt,Ali_Kuzhuget,Н,869527,13547172,0.0641851303
alt,Ali_Kuzhuget,О,716857,13547172,0.0529156196
alt,Ali_Kuzhuget,П,263153,13547172,0.0194249398
alt,Ali_Kuzhuget,Р,904773,13547172,0.0667868541
alt,Ali_Kuzhuget,С,353712,13547172,0.0261096559
alt,Ali_Kuzhuget,Т,741007,13547172,0.0546982795
alt,Ali_Kuzhuget,У,484797,13547172,0.0357858452
alt,Ali_Kuzhuget,Ф,21883,13547172,0.0016153187
alt,Ali_Kuzhuget,Х,20883,13547172,0.0015415025
alt,Ali_Kuzhuget,Ц,24014,13547172,0.0017726209
alt,Ali_Kuzhuget,Ч,219073,13547172,0.0161711241
alt,Ali_Kuzhuget,Ш,144024,13547172,0.0106312963
alt,Ali_Kuzhuget,Щ,6269,13547172,0.0004627534
alt,Ali_Kuzhuget,Ы,768414,13547172,0.0567213585
alt,Ali_Kuzhuget,Ь,26845,13547172,0.0019815944
alt,Ali_Kuzhuget,Э,90618,13547172,0.0066890713
alt,Ali_Kuzhuget,Ю,9693,13547172,0.0007154999
alt,Ali_Kuzhuget,Я,51648,13547172,0.0038124562
alt,Ali_Kuzhuget,Ҥ,268216,13547172,0.0197986709
alt,Ali_Kuzhuget,Ӧ,169105,13547172,0.0124826790
alt,Ali_Kuzhuget,Ӱ,181193,13547172,0.0133749686
ani,Ali_Kuzhuget,А,9995,125802,0.0794502472
ani,Ali_Kuzhuget,Б,5081,125802,0.0403888650
ani,Ali_Kuzhuget,В,3189,125802,0.0253493585
ani,Ali_Kuzhuget,Г,2169,125802,0.0172413793
ani,Ali_Kuzhuget,ГЪ,2802,125802,0.0222730958
ani,Ali_Kuzhuget,ГЬ,4598,125802,0.0365494984
ani,Ali_Kuzhuget,Д,9438,125802,0.0750226546
ani,Ali_Kuzhuget,Е,5016,125802,0.0398721801
ani,Ali_Kuzhuget,Ж,581,125802,0.0046183685
ani,Ali_Kuzhuget,З,436,125802,0.0034657637
ani,Ali_Kuzhuget,И,15634,125802,0.1242746538
ani,Ali_Kuzhuget,Й,874,125802,0.0069474253
ani,Ali_Kuzhuget,К,2985,125802,0.0237277627
ani,Ali_Kuzhuget,КЪ,630,125802,0.0050078695
ani,Ali_Kuzhuget,КЬ,224,125802,0.0017805758
ani,Ali_Kuzhuget,Л,8311,125802,0.0660641325
ani,Ali_Kuzhuget,ЛЪ,3659,125802,0.0290853881
ani,Ali_Kuzhuget,ЛЬ,1,125802,0.0000079490
ani,Ali_Kuzhuget,ЛӀ,1,125802,0.0000079490
ani,Ali_Kuzhuget,М,2699,125802,0.0214543489
ani,Ali_Kuzhuget,Н,4351,125802,0.0345860956
ani,Ali_Kuzhuget,О,11201,125802,0.0890367403
ani,Ali_Kuzhuget,П,288,125802,0.0022893118
ani,Ali_Kuzhuget,Р,4362,125802,0.0346735346
ani,Ali_Kuzhuget,С,4371,125802,0.0347450756
ani,Ali_Kuzhuget,Т,1493,125802,0.0118678558
ani,Ali_Kuzhuget,ТӀ,1,125802,0.0000079490
ani,Ali_Kuzhuget,У,11704,125802,0.0930350869
ani,Ali_Kuzhuget,Ф,36,125802,0.0002861640
ani,Ali_Kuzhuget,Х,1292,125802,0.0102701070
ani,Ali_Kuzhuget,ХЪ,765,125802,0.0060809844
ani,Ali_Kuzhuget,ХЬ,44,125802,0.0003497560
ani,Ali_Kuzhuget,Ц,838,125802,0.0066612613
ani,Ali_Kuzhuget,Ч,2270,125802,0.0180442282
ani,Ali_Kuzhuget,Ш,1647,125802,0.0130920017
ani,Ali_Kuzhuget,Щ,486,125802,0.0038632136
ani,Ali_Kuzhuget,Ы,2,125802,0.0000158980
ani,Ali_Kuzhuget,Ь,3,125802,0.0000238470
ani,Ali_Kuzhuget,Э,384,125802,0.0030524157
ani,Ali_Kuzhuget,Ю,30,125802,0.0002384700
ani,Ali_Kuzhuget,Я,1339,125802,0.0106437100
ani,Ali_Kuzhuget,Ӏ,572,125802,0.0045468276
atv,Ali_Kuzhuget,Ј,187289,13547172,0.0138249518
atv,Ali_Kuzhuget,А,1598685,13547172,0.1180087623
atv,Ali_Kuzhuget,Б,366153,13547172,0.0270280026
atv,Ali_Kuzhuget,В,112729,13547172,0.0083212201
atv,Ali_Kuzhuget,Г,345781,13547172,0.0255242201
atv,Ali_Kuzhuget,Д,576943,13547172,0.0425877076
atv,Ali_Kuzhuget,Е,951050,13547172,0.0702028438
atv,Ali_Kuzhuget,Ж,82067,13547172,0.0060578695
atv,Ali_Kuzhuget,З,181455,13547172,0.0133943084
atv,Ali_Kuzhuget,И,775531,13547172,0.0572467080
atv,Ali_Kuzhuget,Й,288976,13547172,0.0213310940
atv,Ali_Kuzhuget,К,724109,13547172,0.0534509343
atv,Ali_Kuzhuget,Л,752632,13547172,0.0555563921
atv,Ali_Kuzhuget,М,268068,13547172,0.0197877461
atv,Ali_Kuzhuget,Н,869527,13547172,0.0641851303
atv,Ali_Kuzhuget,О,716857,13547172,0.0529156196
atv,Ali_Kuzhuget,П,263153,13547172,0.0194249398
atv,Ali_Kuzhuget,Р,904773,13547172,0.0667868541
atv,Ali_Kuzhuget,С,353712,13547172,0.0261096559
atv,Ali_Kuzhuget,Т,741007,13547172,0.0546982795
atv,Ali_Kuzhuget,У,484797,13547172,0.0357858452
atv,Ali_Kuzhuget,Ф,21883,13547172,0.0016153187
atv,Ali_Kuzhuget,Х,20883,13547172,0.0015415025
atv,Ali_Kuzhuget,Ц,24014,13547172,0.0017726209
atv,Ali_Kuzhuget,Ч,219073,13547172,0.0161711241
atv,Ali_Kuzhuget,Ш,144024,13547172,0.0106312963
atv,Ali_Kuzhuget,Щ,6269,13547172,0.0004627534
atv,Ali_Kuzhuget,Ы,768414,13547172,0.0567213585
atv,Ali_Kuzhuget,Ь,26845,13547172,0.0019815944
atv,Ali_Kuzhuget,Э,90618,13547172,0.0066890713
atv,Ali_Kuzhuget,Ю,9693,13547172,0.0007154999
atv,Ali_Kuzhuget,Я,51648,13547172,0.0038124562
atv,Ali_Kuzhuget,Ҥ,268216,13547172,0.0197986709
atv,Ali_Kuzhuget,Ӧ,169105,13547172,0.0124826790
atv,Ali_Kuzhuget,Ӱ,181193,13547172,0.0133749686
ava,saidobavarskom,А,4280248,24164059,0.1771328236
ava,saidobavarskom,Б,1255948,24164059,0.0519758704
ava,saidobavarskom,В,480489,24164059,0.0198844490
ava,saidobavarskom,Г,606437,24164059,0.0250966528
ava,saidobavarskom,ГЪ,76670,24164059,0.0031728941
ava,saidobavarskom,ГЬ,463514,24164059,0.0191819595
ava,saidobavarskom,ГӀ,299851,24164059,0.0124089666
ava,saidobavarskom,Д,883160,24164059,0.0365484954
ava,saidobavarskom,Е,1393513,24164059,0.0576688296
ava,saidobavarskom,Ж,160952,24164059,0.0066608015
ava,saidobavarskom,З,461444,24164059,0.0190962950
ava,saidobavarskom,И,1813722,24164059,0.0750586646
ava,saidobavarskom,Й,131233,24164059,0.0054309170
ava,saidobavarskom,К,411247,24164059,0.0170189536
ava,saidobavarskom,КЪ,172349,24164059,0.0071324524
ava,saidobavarskom,КЬ,94576,24164059,0.0039139120
ava,saidobavarskom,КӀ,228069,24164059,0.0094383564
ava,saidobavarskom,Л,1597732,24164059,0.0661201829
ava,saidobavarskom,ЛЪ,605441,24164059,0.0250554346
ava,saidobavarskom,ЛӀ,24500,24164059,0.0010139025
ava,saidobavarskom,М,509530,24164059,0.0210862753
ava,saidobavarskom,Н,1251837,24164059,0.0518057417
ava,saidobavarskom,О,971673,24164059,0.0402114976
ava,saidobavarskom,П,115526,24164059,0.0047809021
ava,saidobavarskom,Р,1196271,24164059,0.0495062109
ava,saidobavarskom,С,609938,24164059,0.0252415374
ava,saidobavarskom,Т,375823,24164059,0.0155529748
ava,saidobavarskom,ТӀ,222086,24164059,0.0091907572
ava,saidobavarskom,У,1622659,24164059,0.0671517563
ava,saidobavarskom,Ф,25925,24164059,0.0010728744
ava,saidobavarskom,Х,225214,24164059,0.0093202057
ava,saidobavarskom,ХЪ,168870,24164059,0.0069884782
ava,saidobavarskom,ХЬ,59170,24164059,0.0024486780
ava,saidobavarskom,ХӀ,202756,24164059,0.0083908088
ava,saidobavarskom,Ц,211352,24164059,0.0087465438
ava,saidobavarskom,ЦӀ,109970,24164059,0.0045509738
ava,saidobavarskom,Ч,129997,24164059,0.0053797667
ava,saidobavarskom,ЧӀ,140510,24164059,0.0058148343
ava,saidobavarskom,Ш,74225,24164059,0.0030717108
ava,saidobavarskom,Щ,82303,24164059,0.0034060089
ava,saidobavarskom,Э,25246,24164059,0.0010447748
ava,saidobavarskom,Ю,13177,24164059,0.0005453140
ava,saidobavarskom,Я,378906,24164059,0.0156805610
bak,stdbug,А,7257286,67211320,0.1079771384
bak,stdbug,Б,1567568,67211320,0.0233229760
bak,stdbug,В,356040,67211320,0.0052973219
bak,stdbug,Г,810222,67211320,0.0120548443
bak,stdbug,Д,1479151,67211320,0.0220074684
bak,stdbug,Е,4378097,67211320,0.0651392801
bak,stdbug,Ж,96284,67211320,0.0014325563
bak,stdbug,З,198615,67211320,0.0029550826
bak,stdbug,И,2616964,67211320,0.0389363577
bak,stdbug,Й,1501457,67211320,0.0223393470
bak,stdbug,К,1887809,67211320,0.0280876644
bak,stdbug,Л,3971742,67211320,0.0590933492
bak,stdbug,М,2030859,67211320,0.0302160261
bak,stdbug,Н,4426641,67211320,0.0658615394
bak,stdbug,О,1702990,67211320,0.0253378449
bak,stdbug,П,1055556,67211320,0.0157050330
bak,stdbug,Р,4247437,67211320,0.0631952623
bak,stdbug,С,1734969,67211320,0.0258136427
bak,stdbug,Т,4068241,67211320,0.0605291043
bak,stdbug,У,1839310,67211320,0.0273660746
bak,stdbug,Ф,245379,67211320,0.0036508582
bak,stdbug,Х,373368,67211320,0.0055551357
bak,stdbug,Ц,125485,67211320,0.0018670218
bak,stdbug,Ч,44190,67211320,0.0006574785
bak,stdbug,Ш,1247330,67211320,0.0185583321
bak,stdbug,Щ,6904,67211320,0.0001027208
bak,stdbug,Ы,4381841,67211320,0.0651949850
bak,stdbug,Ь,135986,67211320,0.0020232604
bak,stdbug,Э,176709,67211320,0.0026291553
bak,stdbug,Ю,97927,67211320,0.0014570016
bak,stdbug,Я,519131,67211320,0.0077238626
bak,stdbug,Ғ,1072535,67211320,0.0159576542
bak,stdbug,Ҙ,1433549,67211320,0.0213289815
bak,stdbug,Ҡ,1559930,67211320,0.0232093344
bak,stdbug,Ң,717676,67211320,0.0106779037
bak,stdbug,Ҫ,214054,67211320,0.0031847909
bak,stdbug,Ү,877968,67211320,0.0130627995
bak,stdbug,Һ,1095138,67211320,0.0162939517
bak,stdbug,Ә,4550610,67211320,0.0677060055
bak,stdbug,Ө,1108372,67211320,0.0164908530
bel,Ali_Kuzhuget,І,51229630,1021917203,0.0501309009
bel,Ali_Kuzhuget,Ў,19088020,1021917203,0.0186786365
bel,Ali_Kuzhuget,А,166039165,1021917203,0.1624780995
bel,Ali_Kuzhuget,Б,16931951,1021917203,0.0165688090
bel,Ali_Kuzhuget,В,31789572,1021917203,0.0311077765
bel,Ali_Kuzhuget,Г,19826192,1021917203,0.0194009769
bel,Ali_Kuzhuget,Д,35159185,1021917203,0.0344051210
bel,Ali_Kuzhuget,Е,42341513,1021917203,0.0414334086
bel,Ali_Kuzhuget,Ж,7231185,1021917203,0.0070760968
bel,Ali_Kuzhuget,З,28580327,1021917203,0.0279673607
bel,Ali_Kuzhuget,Й,10309535,1021917203,0.0100884249
bel,Ali_Kuzhuget,К,41894051,1021917203,0.0409955434
bel,Ali_Kuzhuget,Л,36138055,1021917203,0.0353629970
bel,Ali_Kuzhuget,М,33335343,1021917203,0.0326203952
bel,Ali_Kuzhuget,Н,71691159,1021917203,0.0701535886
bel,Ali_Kuzhuget,О,33943721,1021917203,0.0332157252
bel,Ali_Kuzhuget,П,30960212,1021917203,0.0302962039
bel,Ali_Kuzhuget,Р,46282644,1021917203,0.0452900136
bel,Ali_Kuzhuget,С,38945822,1021917203,0.0381105454
bel,Ali_Kuzhuget,Т,39341144,1021917203,0.0384973889
bel,Ali_Kuzhuget,У,28407768,1021917203,0.0277985026
bel,Ali_Kuzhuget,Ф,3785538,1021917203,0.0037043490
bel,Ali_Kuzhuget,Х,9628926,1021917203,0.0094224131
bel,Ali_Kuzhuget,Ц,30664303,1021917203,0.0300066414
bel,Ali_Kuzhuget,Ч,14181706,1021917203,0.0138775489
bel,Ali_Kuzhuget,Ш,10515025,1021917203,0.0102895078
bel,Ali_Kuzhuget,Ы,49177250,1021917203,0.0481225386
bel,Ali_Kuzhuget,Ь,15796938,1021917203,0.0154581388
bel,Ali_Kuzhuget,Э,15938966,1021917203,0.0155971207
bel,Ali_Kuzhuget,Ю,7650096,1021917203,0.0074860233
bel,Ali_Kuzhuget,Я,35112261,1021917203,0.0343592034
bua,Sarana_Abidueva,А,4979886,32514745,0.1531577750
bua,Sarana_Abidueva,Б,1188286,32514745,0.0365460655
bua,Sarana_Abidueva,В,132350,32514745,0.0040704610
bua,Sarana_Abidueva,Г,1589088,32514745,0.0488728422
bua,Sarana_Abidueva,Д,1646835,32514745,0.0506488672
bua,Sarana_Abidueva,Е,536954,32514745,0.0165141692
bua,Sarana_Abidueva,Ж,451589,32514745,0.0138887449
bua,Sarana_Abidueva,З,313870,32514745,0.0096531589
bua,Sarana_Abidueva,И,1015110,32514745,0.0312199896
bua,Sarana_Abidueva,Й,1022365,32514745,0.0314431191
bua,Sarana_Abidueva,К,129893,32514745,0.0039948952
bua,Sarana_Abidueva,Л,1382478,32514745,0.0425184943
bua,Sarana_Abidueva,М,688345,32514745,0.0211702414
bua,Sarana_Abidueva,Н,2396777,32514745,0.0737135413
bua,Sarana_Abidueva,О,1956308,32514745,0.0601667951
bua,Sarana_Abidueva,П,79932,32514745,0.0024583308
bua,Sarana_Abidueva,Р,1729181,32514745,0.0531814412
bua,Sarana_Abidueva,С,540660,32514745,0.0166281482
bua,Sarana_Abidueva,Т,1075110,32514745,0.0330653062
bua,Sarana_Abidueva,У,1273527,32514745,0.0391676761
bua,Sarana_Abidueva,Ф,22658,32514745,0.0006968531
bua,Sarana_Abidueva,Х,1411150,32514745,0.0434003096
bua,Sarana_Abidueva,Ц,30632,32514745,0.0009420957
bua,Sarana_Abidueva,Ч,39198,32514745,0.0012055454
bua,Sarana_Abidueva,Ш,591458,32514745,0.0181904548
bua,Sarana_Abidueva,Щ,3876,32514745,0.0001192075
bua,Sarana_Abidueva,Ы,329972,32514745,0.0101483804
bua,Sarana_Abidueva,Ь,255534,32514745,0.0078590190
bua,Sarana_Abidueva,Э,3497809,32514745,0.1075760859
bua,Sarana_Abidueva,Ю,138348,32514745,0.0042549311
bua,Sarana_Abidueva,Я,240380,32514745,0.0073929536
bua,Sarana_Abidueva,Ү,929384,32514745,0.0285834627
bua,Sarana_Abidueva,Һ,600054,32514745,0.0184548272
bua,Sarana_Abidueva,Ө,295748,32514745,0.0090958118
che,Ali_Kuzhuget,А,10410211,52033225,0.2000685331
che,Ali_Kuzhuget,АЬ,413418,52033225,0.0079452696
che,Ali_Kuzhuget,Б,984559,52033225,0.0189217370
che,Ali_Kuzhuget,В,836668,52033225,0.0160794954
che,Ali_Kuzhuget,Г,1009372,52033225,0.0193986054
che,Ali_Kuzhuget,ГӀ,17453,52033225,0.0003354203
che,Ali_Kuzhuget,Д,1807192,52033225,0.0347315009
che,Ali_Kuzhuget,Е,2761844,52033225,0.0530784705
che,Ali_Kuzhuget,Ж,197491,52033225,0.0037954788
che,Ali_Kuzhuget,З,633924,52033225,0.0121830619
che,Ali_Kuzhuget,И,2677637,52033225,0.0514601392
che,Ali_Kuzhuget,Й,1318539,52033225,0.0253403282
che,Ali_Kuzhuget,К,1024732,52033225,0.0196938014
che,Ali_Kuzhuget,КХ,552175,52033225,0.0106119696
che,Ali_Kuzhuget,КЪ,378486,52033225,0.0072739293
che,Ali_Kuzhuget,КӀ,3280,52033225,0.0000630366
che,Ali_Kuzhuget,Л,2997509,52033225,0.0576075959
che,Ali_Kuzhuget,М,1281259,52033225,0.0246238629
che,Ali_Kuzhuget,Н,3468274,52033225,0.0666549882
che,Ali_Kuzhuget,О,2535109,52033225,0.0487209663
che,Ali_Kuzhuget,ОЬ,312294,52033225,0.0060018190
che,Ali_Kuzhuget,П,361682,52033225,0.0069509818
che,Ali_Kuzhuget,ПӀ,102,52033225,0.0000019603
che,Ali_Kuzhuget,Р,2711554,52033225,0.0521119727
che,Ali_Kuzhuget,С,1170835,52033225,0.0225016804
che,Ali_Kuzhuget,Т,2018969,52033225,0.0388015350
che,Ali_Kuzhuget,ТӀ,12977,52033225,0.0002493983
che,Ali_Kuzhuget,У,2122731,52033225,0.0407956839
che,Ali_Kuzhuget,УЬ,355357,52033225,0.0068294249
che,Ali_Kuzhuget,Ф,72675,52033225,0.0013967037
che,Ali_Kuzhuget,Х,1870841,52033225,0.0359547385
che,Ali_Kuzhuget,ХЬ,1197476,52033225,0.0230136802
che,Ali_Kuzhuget,ХӀ,9334,52033225,0.0001793854
che,Ali_Kuzhuget,Ц,1233844,52033225,0.0237126182
che,Ali_Kuzhuget,ЦӀ,3756,52033225,0.0000721846
che,Ali_Kuzhuget,Ч,1020168,52033225,0.0196060882
che,Ali_Kuzhuget,ЧӀ,1844,52033225,0.0000354389
che,Ali_Kuzhuget,Ш,1606128,52033225,0.0308673545
che,Ali_Kuzhuget,Щ,4128,52033225,0.0000793339
che,Ali_Kuzhuget,Ы,42827,52033225,0.0008230703
che,Ali_Kuzhuget,Ь,53573,52033225,0.0010295922
che,Ali_Kuzhuget,Э,126342,52033225,0.0024281024
che,Ali_Kuzhuget,Ю,156996,52033225,0.0030172260
che,Ali_Kuzhuget,ЮЬ,22625,52033225,0.0004348183
che,Ali_Kuzhuget,Я,194649,52033225,0.0037408598
che,Ali_Kuzhuget,ЯЬ,22612,52033225,0.0004345685
che,Ali_Kuzhuget,Ӏ,17774,52033225,0.0003415894
chu,Ali_Kuzhuget,І,90466,11984620,0.0075485080
chu,Ali_Kuzhuget,А,991209,11984620,0.0827067525
chu,Ali_Kuzhuget,Б,215136,11984620,0.0179510072
chu,Ali_Kuzhuget,В,554340,11984620,0.0462542826
chu,Ali_Kuzhuget,Г,219172,11984620,0.0182877722
chu,Ali_Kuzhuget,Д,374894,11984620,0.0312812588
chu,Ali_Kuzhuget,Е,764023,11984620,0.0637502900
chu,Ali_Kuzhuget,Ж,127923,11984620,0.0106739304
chu,Ali_Kuzhuget,З,203589,11984620,0.0169875223
chu,Ali_Kuzhuget,И,719153,11984620,0.0600063248
chu,Ali_Kuzhuget,Й,127401,11984620,0.0106303746
chu,Ali_Kuzhuget,К,398395,11984620,0.0332421887
chu,Ali_Kuzhuget,Л,578783,11984620,0.0482938132
chu,Ali_Kuzhuget,М,381839,11984620,0.0318607515
chu,Ali_Kuzhuget,Н,773029,11984620,0.0645017531
chu,Ali_Kuzhuget,О,1317965,11984620,0.1099713633
chu,Ali_Kuzhuget,П,316959,11984620,0.0264471464
chu,Ali_Kuzhuget,Р,511816,11984620,0.0427060683
chu,Ali_Kuzhuget,С,641432,11984620,0.0535212631
chu,Ali_Kuzhuget,Т,721695,11984620,0.0602184300
chu,Ali_Kuzhuget,У,346808,11984620,0.0289377552
chu,Ali_Kuzhuget,Ф,12093,11984620,0.0010090433
chu,Ali_Kuzhuget,Х,101186,11984620,0.0084429878
chu,Ali_Kuzhuget,Ц,43007,11984620,0.0035885159
chu,Ali_Kuzhuget,Ч,190368,11984620,0.0158843585
chu,Ali_Kuzhuget,Ш,106366,11984620,0.0088752084
chu,Ali_Kuzhuget,Щ,37927,11984620,0.0031646393
chu,Ali_Kuzhuget,Ы,216055,11984620,0.0180276888
chu,Ali_Kuzhuget,Ь,251361,11984620,0.0209736312
chu,Ali_Kuzhuget,Э,30513,11984620,0.0025460131
chu,Ali_Kuzhuget,Ю,89781,11984620,0.0074913514
chu,Ali_Kuzhuget,Я,275498,11984620,0.0229876291
chu,Ali_Kuzhuget,Ѣ,251335,11984620,0.0209714618
chu,Ali_Kuzhuget,Ѳ,3066,11984620,0.0002558279
chu,Ali_Kuzhuget,Ѵ,37,11984620,0.0000030873
chv,chuvash.org,А,17380530,150527739,0.1154639677
chv,chuvash.org,Б,315798,150527739,0.0020979389
chv,chuvash.org,В,3729349,150527739,0.0247751612
chv,chuvash.org,Г,348129,150527739,0.0023127232
chv,chuvash.org,Д,540323,150527739,0.0035895245
chv,chuvash.org,Е,11186118,150527739,0.0743126687
chv,chuvash.org,Ж,89838,150527739,0.0005968202
chv,chuvash.org,З,234247,150527739,0.0015561717
chv,chuvash.org,И,6419579,150527739,0.0426471496
chv,chuvash.org,Й,1748363,150527739,0.0116148891
chv,chuvash.org,К,5951386,150527739,0.0395368059
chv,chuvash.org,Л,8437046,150527739,0.0560497756
chv,chuvash.org,М,5294698,150527739,0.0351742346
chv,chuvash.org,Н,12136503,150527739,0.0806263555
chv,chuvash.org,О,1655624,150527739,0.0109987967
chv,chuvash.org,П,5825675,150527739,0.0387016708
chv,chuvash.org,Р,10056245,150527739,0.0668065904
chv,chuvash.org,С,6574426,150527739,0.0436758437
chv,chuvash.org,Т,9923516,150527739,0.0659248326
chv,chuvash.org,У,5744560,150527739,0.0381628000
chv,chuvash.org,Ф,220021,150527739,0.0014616642
chv,chuvash.org,Х,4573845,150527739,0.0303853963
chv,chuvash.org,Ц,228673,150527739,0.0015191419
chv,chuvash.org,Ч,3136275,150527739,0.0208351964
chv,chuvash.org,Ш,2629873,150527739,0.0174710191
chv,chuvash.org,Щ,27645,150527739,0.0001836539
chv,chuvash.org,Ы,1593284,150527739,0.0105846538
chv,chuvash.org,Ь,809449,150527739,0.0053774075
chv,chuvash.org,Э,383508,150527739,0.0025477563
chv,chuvash.org,Ю,459010,150527739,0.0030493383
chv,chuvash.org,Я,803745,150527739,0.0053395142
chv,chuvash.org,Ҫ,4893698,150527739,0.0325102737
chv,chuvash.org,Ӑ,8442959,150527739,0.0560890574
chv,chuvash.org,Ӗ,8207116,150527739,0.0545222831
chv,chuvash.org,Ӳ,526685,150527739,0.0034989232
crh,Ali_Kuzhuget,А,365402,3014597,0.1212108949
crh,Ali_Kuzhuget,Б,76242,3014597,0.0252909427
crh,Ali_Kuzhuget,В,38465,3014597,0.0127595828
crh,Ali_Kuzhuget,Г,29436,3014597,0.0097644893
crh,Ali_Kuzhuget,ГЪ,34986,3014597,0.0116055314
crh,Ali_Kuzhuget,Д,126324,3014597,0.0419041086
crh,Ali_Kuzhuget,ДЖ,20973,3014597,0.0069571488
crh,Ali_Kuzhuget,Е,260839,3014597,0.0865253299
crh,Ali_Kuzhuget,Ж,637,3014597,0.0002113052
crh,Ali_Kuzhuget,З,47918,3014597,0.0158953253
crh,Ali_Kuzhuget,И,229144,3014597,0.0760114868
crh,Ali_Kuzhuget,Й,42306,3014597,0.0140337166
crh,Ali_Kuzhuget,К,91351,3014597,0.0303028896
crh,Ali_Kuzhuget,КЪ,88224,3014597,0.0292656033
crh,Ali_Kuzhuget,Л,169840,3014597,0.0563392055
crh,Ali_Kuzhuget,М,103640,3014597,0.0343793880
crh,Ali_Kuzhuget,Н,222301,3014597,0.0737415316
crh,Ali_Kuzhuget,НЪ,43486,3014597,0.0144251454
crh,Ali_Kuzhuget,О,86640,3014597,0.0287401600
crh,Ali_Kuzhuget,П,44622,3014597,0.0148019785
crh,Ali_Kuzhuget,Р,181217,3014597,0.0601131760
crh,Ali_Kuzhuget,С,92531,3014597,0.0306943183
crh,Ali_Kuzhuget,Т,127673,3014597,0.0423515979
crh,Ali_Kuzhuget,У,69755,3014597,0.0231390796
crh,Ali_Kuzhuget,Ф,12883,3014597,0.0042735397
crh,Ali_Kuzhuget,Х,12254,3014597,0.0040648883
crh,Ali_Kuzhuget,Ц,1093,3014597,0.0003625692
crh,Ali_Kuzhuget,Ч,36673,3014597,0.0121651418
crh,Ali_Kuzhuget,Ш,48786,3014597,0.0161832577
crh,Ali_Kuzhuget,Щ,54,3014597,0.0000179128
crh,Ali_Kuzhuget,Ы,179838,3014597,0.0596557351
crh,Ali_Kuzhuget,Ь,29599,3014597,0.0098185595
crh,Ali_Kuzhuget,Э,33573,3014597,0.0111368120
crh,Ali_Kuzhuget,Ю,36084,3014597,0.0119697591
crh,Ali_Kuzhuget,Я,29808,3014597,0.0098878888
dar,Murtazali_Rabadangadzhiev,А,2859348,18111774,0.1578723321
dar,Murtazali_Rabadangadzhiev,Б,922500,18111774,0.0509337186
dar,Murtazali_Rabadangadzhiev,В,266933,18111774,0.0147380925
dar,Murtazali_Rabadangadzhiev,Г,145895,18111774,0.0080552573
dar,Murtazali_Rabadangadzhiev,ГЪ,87161,18111774,0.0048123944
dar,Murtazali_Rabadangadzhiev,ГЬ,134104,18111774,0.0074042443
dar,Murtazali_Rabadangadzhiev,ГӀ,148880,18111774,0.0082200672
dar,Murtazali_Rabadangadzhiev,Д,670314,18111774,0.0370098478
dar,Murtazali_Rabadangadzhiev,Е,712545,18111774,0.0393415355
dar,Murtazali_Rabadangadzhiev,Ж,65009,18111774,0.0035893226
dar,Murtazali_Rabadangadzhiev,З,286646,18111774,0.0158265005
dar,Murtazali_Rabadangadzhiev,И,2644191,18111774,0.1459929326
dar,Murtazali_Rabadangadzhiev,Й,153777,18111774,0.0084904438
dar,Murtazali_Rabadangadzhiev,К,284453,18111774,0.0157054190
dar,Murtazali_Rabadangadzhiev,КЪ,63850,18111774,0.0035253311
dar,Murtazali_Rabadangadzhiev,КЬ,117968,18111774,0.0065133322
dar,Murtazali_Rabadangadzhiev,КӀ,118359,18111774,0.0065349203
dar,Murtazali_Rabadangadzhiev,Л,1576894,18111774,0.0870645802
dar,Murtazali_Rabadangadzhiev,М,396696,18111774,0.0219026585
dar,Murtazali_Rabadangadzhiev,Н,729917,18111774,0.0403006906
dar,Murtazali_Rabadangadzhiev,О,197964,18111774,0.0109301276
dar,Murtazali_Rabadangadzhiev,П,123480,18111774,0.0068176646
dar,Murtazali_Rabadangadzhiev,ПӀ,1784,18111774,0.0000984995
dar,Murtazali_Rabadangadzhiev,Р,1249661,18111774,0.0689971617
dar,Murtazali_Rabadangadzhiev,С,722736,18111774,0.0399042082
dar,Murtazali_Rabadangadzhiev,Т,551480,18111774,0.0304487015
dar,Murtazali_Rabadangadzhiev,ТӀ,47554,18111774,0.0026255849
dar,Murtazali_Rabadangadzhiev,У,1044000,18111774,0.0576420620
dar,Murtazali_Rabadangadzhiev,Ф,19060,18111774,0.0010523541
dar,Murtazali_Rabadangadzhiev,Х,114817,18111774,0.0063393569
dar,Murtazali_Rabadangadzhiev,ХЪ,175114,18111774,0.0096685173
dar,Murtazali_Rabadangadzhiev,ХЬ,33409,18111774,0.0018446012
dar,Murtazali_Rabadangadzhiev,ХӀ,306436,18111774,0.0169191599
dar,Murtazali_Rabadangadzhiev,Ц,105847,18111774,0.0058440990
dar,Murtazali_Rabadangadzhiev,ЦӀ,45384,18111774,0.0025057733
dar,Murtazali_Rabadangadzhiev,Ч,292215,18111774,0.0161339800
dar,Murtazali_Rabadangadzhiev,ЧӀ,14949,18111774,0.0008253747
dar,Murtazali_Rabadangadzhiev,Ш,234549,18111774,0.0129500843
dar,Murtazali_Rabadangadzhiev,Щ,3602,18111774,0.0001988762
dar,Murtazali_Rabadangadzhiev,Ы,14022,18111774,0.0007741925
dar,Murtazali_Rabadangadzhiev,Ь,38386,18111774,0.0021193948
dar,Murtazali_Rabadangadzhiev,Э,21058,18111774,0.0011626691
dar,Murtazali_Rabadangadzhiev,Ю,13999,18111774,0.0007729226
dar,Murtazali_Rabadangadzhiev,Я,354828,18111774,0.0195910130
dlg,Ali_Kuzhuget,А,4955,42664,0.1161400713
dlg,Ali_Kuzhuget,Б,1470,42664,0.0344552785
dlg,Ali_Kuzhuget,В,103,42664,0.0024142134
dlg,Ali_Kuzhuget,Г,1710,42664,0.0400806300
dlg,Ali_Kuzhuget,Д,747,42664,0.0175089068
dlg,Ali_Kuzhuget,Е,235,42664,0.0055081568
dlg,Ali_Kuzhuget,Ж,4,42664,0.0000937559
dlg,Ali_Kuzhuget,З,34,42664,0.0007969248
dlg,Ali_Kuzhuget,И,4313,42664,0.1010922558
dlg,Ali_Kuzhuget,Й,471,42664,0.0110397525
dlg,Ali_Kuzhuget,К,2082,42664,0.0487999250
dlg,Ali_Kuzhuget,Л,1874,42664,0.0439246203
dlg,Ali_Kuzhuget,М,660,42664,0.0154697169
dlg,Ali_Kuzhuget,Н,3134,42664,0.0734577161
dlg,Ali_Kuzhuget,О,1862,42664,0.0436433527
dlg,Ali_Kuzhuget,П,347,42664,0.0081333208
dlg,Ali_Kuzhuget,Р,2953,42664,0.0692152635
dlg,Ali_Kuzhuget,С,907,42664,0.0212591412
dlg,Ali_Kuzhuget,Т,3396,42664,0.0795987249
dlg,Ali_Kuzhuget,У,1727,42664,0.0404790924
dlg,Ali_Kuzhuget,Ф,51,42664,0.0011953872
dlg,Ali_Kuzhuget,Х,65,42664,0.0015235327
dlg,Ali_Kuzhuget,Ц,20,42664,0.0004687793
dlg,Ali_Kuzhuget,Ч,227,42664,0.0053206450
dlg,Ali_Kuzhuget,Ш,8,42664,0.0001875117
dlg,Ali_Kuzhuget,Щ,6,42664,0.0001406338
dlg,Ali_Kuzhuget,Ы,1948,42664,0.0456591037
dlg,Ali_Kuzhuget,Ь,213,42664,0.0049924995
dlg,Ali_Kuzhuget,Э,3325,42664,0.0779345584
dlg,Ali_Kuzhuget,Ю,2,42664,0.0000468779
dlg,Ali_Kuzhuget,Я,70,42664,0.0016407275
dlg,Ali_Kuzhuget,Ү,1044,42664,0.0244702794
dlg,Ali_Kuzhuget,Һ,1290,42664,0.0302362648
dlg,Ali_Kuzhuget,Ӈ,597,42664,0.0139930621
dlg,Ali_Kuzhuget,Ө,814,42664,0.0190793175
inh,Ali_Kuzhuget,А,80756,318892,0.2532393412
inh,Ali_Kuzhuget,АЬ,5362,318892,0.0168144701
inh,Ali_Kuzhuget,Б,5648,318892,0.0177113255
inh,Ali_Kuzhuget,В,8087,318892,0.0253596829
inh,Ali_Kuzhuget,Г,7998,318892,0.0250805915
inh,Ali_Kuzhuget,ГӀ,3773,318892,0.0118315919
inh,Ali_Kuzhuget,Д,11788,318892,0.0369654930
inh,Ali_Kuzhuget,Е,14980,318892,0.0469751515
inh,Ali_Kuzhuget,Ж,1323,318892,0.0041487400
inh,Ali_Kuzhuget,З,5311,318892,0.0166545413
inh,Ali_Kuzhuget,И,13725,318892,0.0430396498
inh,Ali_Kuzhuget,Й,7716,318892,0.0241962796
inh,Ali_Kuzhuget,К,5794,318892,0.0181691607
inh,Ali_Kuzhuget,КХ,3705,318892,0.0116183535
inh,Ali_Kuzhuget,КЪ,2134,318892,0.0066919208
inh,Ali_Kuzhuget,КӀ,455,318892,0.0014268153
inh,Ali_Kuzhuget,Л,16442,318892,0.0515597757
inh,Ali_Kuzhuget,М,6140,318892,0.0192541676
inh,Ali_Kuzhuget,Н,14198,318892,0.0445229106
inh,Ali_Kuzhuget,О,17840,318892,0.0559437051
inh,Ali_Kuzhuget,П,1897,318892,0.0059487225
inh,Ali_Kuzhuget,ПӀ,30,318892,0.0000940757
inh,Ali_Kuzhuget,Р,17330,318892,0.0543444175
inh,Ali_Kuzhuget,С,8248,318892,0.0258645560
inh,Ali_Kuzhuget,Т,10170,318892,0.0318916749
inh,Ali_Kuzhuget,ТӀ,2061,318892,0.0064630031
inh,Ali_Kuzhuget,У,8114,318892,0.0254443511
inh,Ali_Kuzhuget,Ф,572,318892,0.0017937107
inh,Ali_Kuzhuget,Х,9853,318892,0.0308976080
inh,Ali_Kuzhuget,ХЬ,6162,318892,0.0193231564
inh,Ali_Kuzhuget,ХӀ,1670,318892,0.0052368827
inh,Ali_Kuzhuget,ЦӀ,837,318892,0.0026247131
inh,Ali_Kuzhuget,ЧӀ,508,318892,0.0015930158
inh,Ali_Kuzhuget,Ш,9093,318892,0.0285143560
inh,Ali_Kuzhuget,Щ,21,318892,0.0000658530
inh,Ali_Kuzhuget,Ы,330,318892,0.0010348331
inh,Ali_Kuzhuget,Ь,711,318892,0.0022295950
inh,Ali_Kuzhuget,Э,637,318892,0.0019975415
inh,Ali_Kuzhuget,Ю,1004,318892,0.0031484013
inh,Ali_Kuzhuget,Я,1869,318892,0.0058609184
inh,Ali_Kuzhuget,ЯЬ,399,318892,0.0012512073
inh,Ali_Kuzhuget,Ӏ,4201,318892,0.0131737391
kaz,Ali_Kuzhuget,І,98554528,1836545712,0.0536629866
kaz,Ali_Kuzhuget,А,231174040,1836545712,0.1258743730
kaz,Ali_Kuzhuget,Б,45596385,1836545712,0.0248272530
kaz,Ali_Kuzhuget,В,5078742,1836545712,0.0027653774
kaz,Ali_Kuzhuget,Г,21789515,1836545712,0.0118644011
kaz,Ali_Kuzhuget,Д,79432840,1836545712,0.0432512186
kaz,Ali_Kuzhuget,Е,140452593,1836545712,0.0764765026
kaz,Ali_Kuzhuget,Ж,31960943,1836545712,0.0174027484
kaz,Ali_Kuzhuget,З,28964850,1836545712,0.0157713744
kaz,Ali_Kuzhuget,И,29203709,1836545712,0.0159014332
kaz,Ali_Kuzhuget,Й,25494814,1836545712,0.0138819382
kaz,Ali_Kuzhuget,К,51890807,1836545712,0.0282545687
kaz,Ali_Kuzhuget,Л,95080618,1836545712,0.0517714410
kaz,Ali_Kuzhuget,М,60846574,1836545712,0.0331309880
kaz,Ali_Kuzhuget,Н,120335897,1836545712,0.0655229523
kaz,Ali_Kuzhuget,О,47979747,1836545712,0.0261249947
kaz,Ali_Kuzhuget,П,27568911,1836545712,0.0150112849
kaz,Ali_Kuzhuget,Р,103742045,1836545712,0.0564875921
kaz,Ali_Kuzhuget,С,76437464,1836545712,0.0416202349
kaz,Ali_Kuzhuget,Т,112665642,1836545712,0.0613464948
kaz,Ali_Kuzhuget,У,36724804,1836545712,0.0199966730
kaz,Ali_Kuzhuget,Ф,2813648,1836545712,0.0015320327
kaz,Ali_Kuzhuget,Х,4877578,1836545712,0.0026558435
kaz,Ali_Kuzhuget,Ц,2669863,1836545712,0.0014537417
kaz,Ali_Kuzhuget,Ч,513532,1836545712,0.0002796184
kaz,Ali_Kuzhuget,Ш,22627289,1836545712,0.0123205695
kaz,Ali_Kuzhuget,Щ,70347,1836545712,0.0000383040
kaz,Ali_Kuzhuget,Ы,141180687,1836545712,0.0768729502
kaz,Ali_Kuzhuget,Ь,1304564,1836545712,0.0007103357
kaz,Ali_Kuzhuget,Э,1713009,1836545712,0.0009327342
kaz,Ali_Kuzhuget,Ю,836034,1836545712,0.0004552209
kaz,Ali_Kuzhuget,Я,7239998,1836545712,0.0039421823
kaz,Ali_Kuzhuget,Ғ,28130924,1836545712,0.0153173013
kaz,Ali_Kuzhuget,Қ,62176841,1836545712,0.0338553190
kaz,Ali_Kuzhuget,Ң,26962983,1836545712,0.0146813569
kaz,Ali_Kuzhuget,Ү,13675267,1836545712,0.0074461893
kaz,Ali_Kuzhuget,Ұ,16267327,1836545712,0.0088575672
kaz,Ali_Kuzhuget,Һ,162692,1836545712,0.0000885859
kaz,Ali_Kuzhuget,Ә,16378946,1836545712,0.0089183438
kaz,Ali_Kuzhuget,Ө,15968715,1836545712,0.0086949728
kbd,adiga.ai,А,4431374,63488962,0.0697975500
kbd,adiga.ai,Б,1211663,63488962,0.0190846245
kbd,adiga.ai,В,338310,63488962,0.0053286428
kbd,adiga.ai,Г,602484,63488962,0.0094895866
kbd,adiga.ai,ГЪ,1361226,63488962,0.0214403568
kbd,adiga.ai,Д,1645573,63488962,0.0259190409
kbd,adiga.ai,Е,1510873,63488962,0.0237974122
kbd,adiga.ai,Ж,730137,63488962,0.0115002195
kbd,adiga.ai,ЖЬ,308405,63488962,0.0048576160
kbd,adiga.ai,З,1723503,63488962,0.0271464983
kbd,adiga.ai,И,2807015,63488962,0.0442126460
kbd,adiga.ai,Й,411283,63488962,0.0064780237
kbd,adiga.ai,К,589789,63488962,0.0092896305
kbd,adiga.ai,КІ,1113341,63488962,0.0175359774
kbd,adiga.ai,КЪ,1475034,63488962,0.0232329204
kbd,adiga.ai,Л,865145,63488962,0.0136266994
kbd,adiga.ai,ЛЪ,721255,63488962,0.0113603212
kbd,adiga.ai,ЛӀ,116893,63488962,0.0018411547
kbd,adiga.ai,М,3201249,63488962,0.0504221348
kbd,adiga.ai,Н,1981751,63488962,0.0312141030
kbd,adiga.ai,О,855526,63488962,0.0134751927
kbd,adiga.ai,П,1238454,63488962,0.0195066034
kbd,adiga.ai,ПӀ,145849,63488962,0.0022972340
kbd,adiga.ai,Р,3439392,63488962,0.0541730703
kbd,adiga.ai,С,1496979,63488962,0.0235785710
kbd,adiga.ai,Т,1678997,63488962,0.0264454946
kbd,adiga.ai,ТӀ,126338,63488962,0.0019899207
kbd,adiga.ai,У,4735589,63488962,0.0745891703
kbd,adiga.ai,Ф,282551,63488962,0.0044503956
kbd,adiga.ai,ФӀ,171354,63488962,0.0026989573
kbd,adiga.ai,Х,2159110,63488962,0.0340076437
kbd,adiga.ai,ХЪ,501690,63488962,0.0079020035
kbd,adiga.ai,ХЬ,625433,63488962,0.0098510510
kbd,adiga.ai,Ц,84404,63488962,0.0013294279
kbd,adiga.ai,ЦӀ,160374,63488962,0.0025260139
kbd,adiga.ai,Ч,103990,63488962,0.0016379225
kbd,adiga.ai,Ш,365940,63488962,0.0057638366
kbd,adiga.ai,Щ,1602669,63488962,0.0252432698
kbd,adiga.ai,ЩӀ,842703,63488962,0.0132732206
kbd,adiga.ai,Ы,4896589,63488962,0.0771250442
kbd,adiga.ai,Э,9799933,63488962,0.1543564848
kbd,adiga.ai,Ю,35578,63488962,0.0005603809
kbd,adiga.ai,Я,396562,63488962,0.0062461566
kbd,adiga.ai,Ӏ,596655,63488962,0.0093977753
kir,Ali_Kuzhuget,А,31520959,241460479,0.1305429325
kir,Ali_Kuzhuget,Б,6830627,241460479,0.0282887992
kir,Ali_Kuzhuget,В,1318901,241460479,0.0054621817
kir,Ali_Kuzhuget,Г,6729438,241460479,0.0278697285
kir,Ali_Kuzhuget,Д,10129721,241460479,0.0419518798
kir,Ali_Kuzhuget,Е,12464009,241460479,0.0516192507
kir,Ali_Kuzhuget,Ж,3875019,241460479,0.0160482536
kir,Ali_Kuzhuget,З,3193654,241460479,0.0132264046
kir,Ali_Kuzhuget,И,12326108,241460479,0.0510481386
kir,Ali_Kuzhuget,Й,3578729,241460479,0.0148211791
kir,Ali_Kuzhuget,К,15184664,241460479,0.0628867468
kir,Ali_Kuzhuget,Л,12247193,241460479,0.0507213149
kir,Ali_Kuzhuget,М,7366478,241460479,0.0305080071
kir,Ali_Kuzhuget,Н,18983553,241460479,0.0786197107
kir,Ali_Kuzhuget,О,9342308,241460479,0.0386908369
kir,Ali_Kuzhuget,П,3793546,241460479,0.0157108361
kir,Ali_Kuzhuget,Р,14065482,241460479,0.0582516943
kir,Ali_Kuzhuget,С,6241736,241460479,0.0258499280
kir,Ali_Kuzhuget,Т,14333561,241460479,0.0593619339
kir,Ali_Kuzhuget,У,10517303,241460479,0.0435570369
kir,Ali_Kuzhuget,Ф,349977,241460479,0.0014494173
kir,Ali_Kuzhuget,Х,205627,241460479,0.0008515969
kir,Ali_Kuzhuget,Ц,480280,241460479,0.0019890626
kir,Ali_Kuzhuget,Ч,3304102,241460479,0.0136838211
kir,Ali_Kuzhuget,Ш,4035417,241460479,0.0167125362
kir,Ali_Kuzhuget,Щ,4021,241460479,0.0000166528
kir,Ali_Kuzhuget,Ы,13732309,241460479,0.0568718701
kir,Ali_Kuzhuget,Ь,196155,241460479,0.0008123690
kir,Ali_Kuzhuget,Э,1655463,241460479,0.0068560412
kir,Ali_Kuzhuget,Ю,561412,241460479,0.0023250679
kir,Ali_Kuzhuget,Я,1369976,241460479,0.0056737070
kir,Ali_Kuzhuget,Ң,642998,241460479,0.0026629534
kir,Ali_Kuzhuget,Ү,6027013,241460479,0.0249606603
kir,Ali_Kuzhuget,Ө,4852740,241460479,0.0200974504
kjh,Ali_Kuzhuget,І,104275,2399986,0.0434481701
kjh,Ali_Kuzhuget,А,331703,2399986,0.1382103896
kjh,Ali_Kuzhuget,Б,30860,2399986,0.0128584083
kjh,Ali_Kuzhuget,В,34131,2399986,0.0142213330
kjh,Ali_Kuzhuget,Г,30579,2399986,0.0127413243
kjh,Ali_Kuzhuget,Д,68907,2399986,0.0287114175
kjh,Ali_Kuzhuget,Е,140093,2399986,0.0583724238
kjh,Ali_Kuzhuget,Ж,7291,2399986,0.0030379344
kjh,Ali_Kuzhuget,З,51749,2399986,0.0215622091
kjh,Ali_Kuzhuget,И,107769,2399986,0.0449040119
kjh,Ali_Kuzhuget,Й,27330,2399986,0.0113875664
kjh,Ali_Kuzhuget,К,68680,2399986,0.0286168336
kjh,Ali_Kuzhuget,Л,112602,2399986,0.0469177737
kjh,Ali_Kuzhuget,М,48729,2399986,0.0203038684
kjh,Ali_Kuzhuget,Н,172724,2399986,0.0719687532
kjh,Ali_Kuzhuget,О,129102,2399986,0.0537928138
kjh,Ali_Kuzhuget,П,86850,2399986,0.0361877111
kjh,Ali_Kuzhuget,Р,160959,2399986,0.0670666412
kjh,Ali_Kuzhuget,С,109033,2399986,0.0454306817
kjh,Ali_Kuzhuget,Т,124673,2399986,0.0519473864
kjh,Ali_Kuzhuget,У,45352,2399986,0.0188967769
kjh,Ali_Kuzhuget,Ф,2757,2399986,0.0011487567
kjh,Ali_Kuzhuget,Х,62413,2399986,0.0260055684
kjh,Ali_Kuzhuget,Ц,3290,2399986,0.0013708413
kjh,Ali_Kuzhuget,Ч,60156,2399986,0.0250651462
kjh,Ali_Kuzhuget,Ш,7621,2399986,0.0031754352
kjh,Ali_Kuzhuget,Щ,1917,2399986,0.0007987547
kjh,Ali_Kuzhuget,Ы,126546,2399986,0.0527278076
kjh,Ali_Kuzhuget,Ь,12454,2399986,0.0051891969
kjh,Ali_Kuzhuget,Э,2837,2399986,0.0011820902
kjh,Ali_Kuzhuget,Ю,3979,2399986,0.0016579263
kjh,Ali_Kuzhuget,Я,15289,2399986,0.0063704538
kjh,Ali_Kuzhuget,Ғ,40313,2399986,0.0167971813
kjh,Ali_Kuzhuget,Ң,35197,2399986,0.0146655022
kjh,Ali_Kuzhuget,Ӌ,4586,2399986,0.0019108445
kjh,Ali_Kuzhuget,Ӧ,13973,2399986,0.0058221173
kjh,Ali_Kuzhuget,Ӱ,13267,2399986,0.0055279489
koi,FU-Lab,І,245928,11947591,0.0205838985
koi,FU-Lab,А,870921,11947591,0.0728951133
koi,FU-Lab,Б,169525,11947591,0.0141890528
koi,FU-Lab,В,378936,11947591,0.0317165193
koi,FU-Lab,Г,146853,11947591,0.0122914318
koi,FU-Lab,Д,475604,11947591,0.0398075227
koi,FU-Lab,Е,391906,11947591,0.0328020937
koi,FU-Lab,Ж,124464,11947591,0.0104174976
koi,FU-Lab,З,304357,11947591,0.0254743404
koi,FU-Lab,И,538430,11947591,0.0450659886
koi,FU-Lab,Й,157539,11947591,0.0131858380
koi,FU-Lab,К,579971,11947591,0.0485429238
koi,FU-Lab,Л,459056,11947591,0.0384224736
koi,FU-Lab,М,411099,11947591,0.0344085264
koi,FU-Lab,Н,801812,11947591,0.0671107674
koi,FU-Lab,О,568181,11947591,0.0475561140
koi,FU-Lab,П,205083,11947591,0.0171652177
koi,FU-Lab,Р,433105,11947591,0.0362504040
koi,FU-Lab,С,1005517,11947591,0.0841606479
koi,FU-Lab,Т,740219,11947591,0.0619555022
koi,FU-Lab,У,251647,11947591,0.0210625724
koi,FU-Lab,Ф,10678,11947591,0.0008937367
koi,FU-Lab,Х,19532,11947591,0.0016348065
koi,FU-Lab,Ц,11464,11947591,0.0009595240
koi,FU-Lab,Ч,178599,11947591,0.0149485365
koi,FU-Lab,Ш,151525,11947591,0.0126824730
koi,FU-Lab,Щ,2408,11947591,0.0002015469
koi,FU-Lab,Ы,670412,11947591,0.0561127344
koi,FU-Lab,Ь,314650,11947591,0.0263358530
koi,FU-Lab,Э,178618,11947591,0.0149501268
koi,FU-Lab,Ю,35469,11947591,0.0029687156
koi,FU-Lab,Я,172576,11947591,0.0144444181
koi,FU-Lab,Ӧ,941507,11947591,0.0788030826
kpt,Timbo_Karatinets,А,6863,39038,0.1758030637
kpt,Timbo_Karatinets,Б,2036,39038,0.0521543112
kpt,Timbo_Karatinets,В,1385,39038,0.0354782520
kpt,Timbo_Karatinets,Г,934,39038,0.0239254060
kpt,Timbo_Karatinets,ГЪ,164,39038,0.0042010349
kpt,Timbo_Karatinets,ГЬ,904,39038,0.0231569240
kpt,Timbo_Karatinets,Д,1703,39038,0.0436241611
kpt,Timbo_Karatinets,Е,2398,39038,0.0614273272
kpt,Timbo_Karatinets,Ж,150,39038,0.0038424100
kpt,Timbo_Karatinets,З,248,39038,0.0063527845
kpt,Timbo_Karatinets,И,3105,39038,0.0795378862
kpt,Timbo_Karatinets,Й,611,39038,0.0156514166
kpt,Timbo_Karatinets,К,1249,39038,0.0319944669
kpt,Timbo_Karatinets,КЪ,289,39038,0.0074030432
kpt,Timbo_Karatinets,КЬ,353,39038,0.0090424714
kpt,Timbo_Karatinets,Л,2325,39038,0.0595573544
kpt,Timbo_Karatinets,ЛЪ,912,39038,0.0233618526
kpt,Timbo_Karatinets,М,1203,39038,0.0308161279
kpt,Timbo_Karatinets,Н,1417,39038,0.0362979661
kpt,Timbo_Karatinets,О,1760,39038,0.0450842769
kpt,Timbo_Karatinets,П,163,39038,0.0041754188
kpt,Timbo_Karatinets,Р,2084,39038,0.0533838824
kpt,Timbo_Karatinets,С,883,39038,0.0226189866
kpt,Timbo_Karatinets,Т,702,39038,0.0179824786
kpt,Timbo_Karatinets,У,1605,39038,0.0411137866
kpt,Timbo_Karatinets,Ф,46,39038,0.0011783391
kpt,Timbo_Karatinets,Х,880,39038,0.0225421384
kpt,Timbo_Karatinets,ХЪ,159,39038,0.0040729546
kpt,Timbo_Karatinets,ХЬ,92,39038,0.0023566781
kpt,Timbo_Karatinets,Ц,406,39038,0.0104001230
kpt,Timbo_Karatinets,Ч,542,39038,0.0138839080
kpt,Timbo_Karatinets,Ш,340,39038,0.0087094626
kpt,Timbo_Karatinets,Щ,131,39038,0.0033557047
kpt,Timbo_Karatinets,Ы,71,39038,0.0018187407
kpt,Timbo_Karatinets,Ь,102,39038,0.0026128388
kpt,Timbo_Karatinets,Э,41,39038,0.0010502587
kpt,Timbo_Karatinets,Ю,37,39038,0.0009477945
kpt,Timbo_Karatinets,Я,745,39038,0.0190839695
kpv,FU-Lab,І,163005,17130406,0.0095155363
kpv,FU-Lab,А,1451506,17130406,0.0847327261
kpv,FU-Lab,Б,196395,17130406,0.0114647020
kpv,FU-Lab,В,657578,17130406,0.0383865975
kpv,FU-Lab,Г,184616,17130406,0.0107770942
kpv,FU-Lab,Д,826305,17130406,0.0482361597
kpv,FU-Lab,Е,523837,17130406,0.0305793686
kpv,FU-Lab,Ж,155259,17130406,0.0090633579
kpv,FU-Lab,З,269078,17130406,0.0157076254
kpv,FU-Lab,И,718619,17130406,0.0419499106
kpv,FU-Lab,Й,290113,17130406,0.0169355589
kpv,FU-Lab,К,712052,17130406,0.0415665571
kpv,FU-Lab,Л,741676,17130406,0.0432958799
kpv,FU-Lab,М,720479,17130406,0.0420584894
kpv,FU-Lab,Н,1184984,17130406,0.0691743091
kpv,FU-Lab,О,796259,17130406,0.0464822025
kpv,FU-Lab,П,282901,17130406,0.0165145531
kpv,FU-Lab,Р,680605,17130406,0.0397308155
kpv,FU-Lab,С,1493094,17130406,0.0871604561
kpv,FU-Lab,Т,831090,17130406,0.0485154876
kpv,FU-Lab,У,399420,17130406,0.0233164351
kpv,FU-Lab,Ф,29314,17130406,0.0017112262
kpv,FU-Lab,Х,19851,17130406,0.0011588167
kpv,FU-Lab,Ц,30229,17130406,0.0017646400
kpv,FU-Lab,Ч,213213,17130406,0.0124464651
kpv,FU-Lab,Ш,155637,17130406,0.0090854239
kpv,FU-Lab,Щ,4955,17130406,0.0002892518
kpv,FU-Lab,Ы,1099069,17130406,0.0641589581
kpv,FU-Lab,Ь,510754,17130406,0.0298156389
kpv,FU-Lab,Э,82103,17130406,0.0047928228
kpv,FU-Lab,Ю,54225,17130406,0.0031654241
kpv,FU-Lab,Я,326509,17130406,0.0190602021
kpv,FU-Lab,Ӧ,1325676,17130406,0.0773873077
krc,Ali_Berberov,Ў,23594,2008328,0.0117480810
krc,Ali_Berberov,А,298975,2008328,0.1488676153
krc,Ali_Berberov,Б,66692,2008328,0.0332077230
krc,Ali_Berberov,В,16092,2008328,0.0080126354
krc,Ali_Berberov,Г,28578,2008328,0.0142297473
krc,Ali_Berberov,Д,92529,2008328,0.0460726535
krc,Ali_Berberov,Е,96833,2008328,0.0482157297
krc,Ali_Berberov,Ж,2762,2008328,0.0013752734
krc,Ali_Berberov,З,20507,2008328,0.0102109815
krc,Ali_Berberov,И,136133,2008328,0.0677842464
krc,Ali_Berberov,Й,22079,2008328,0.0109937221
krc,Ali_Berberov,К,56675,2008328,0.0282199920
krc,Ali_Berberov,Л,165236,2008328,0.0822754052
krc,Ali_Berberov,М,53769,2008328,0.0267730172
krc,Ali_Berberov,Н,155295,2008328,0.0773255165
krc,Ali_Berberov,О,67237,2008328,0.0334790931
krc,Ali_Berberov,П,18005,2008328,0.0089651690
krc,Ali_Berberov,Р,120981,2008328,0.0602396620
krc,Ali_Berberov,С,59766,2008328,0.0297590832
krc,Ali_Berberov,Т,77972,2008328,0.0388243355
krc,Ali_Berberov,У,57659,2008328,0.0287099518
krc,Ali_Berberov,Ф,9351,2008328,0.0046561119
krc,Ali_Berberov,Х,15733,2008328,0.0078338797
krc,Ali_Berberov,Ц,8922,2008328,0.0044425014
krc,Ali_Berberov,Ч,26838,2008328,0.0133633550
krc,Ali_Berberov,Ш,24394,2008328,0.0121464223
krc,Ali_Berberov,Щ,150,2008328,0.0000746890
krc,Ali_Berberov,Ы,117490,2008328,0.0585014002
krc,Ali_Berberov,Ь,6335,2008328,0.0031543652
krc,Ali_Berberov,Э,15922,2008328,0.0079279879
krc,Ali_Berberov,Ю,32086,2008328,0.0159764740
krc,Ali_Berberov,Я,20991,2008328,0.0104519780
krc,Ali_Berberov,Ғ,29405,2008328,0.0146415327
krc,Ali_Berberov,Җ,21901,2008328,0.0109050912
krc,Ali_Berberov,Қ,32313,2008328,0.0160895033
krc,Ali_Berberov,Ң,9128,2008328,0.0045450743
kum,Ali_Kuzhuget,А,467276,3237684,0.1443241527
kum,Ali_Kuzhuget,АЬ,11198,3237684,0.0034586451
kum,Ali_Kuzhuget,Б,79466,3237684,0.0245440877
kum,Ali_Kuzhuget,В,104038,3237684,0.0321334633
kum,Ali_Kuzhuget,Г,28244,3237684,0.0087235197
kum,Ali_Kuzhuget,ГЪ,57800,3237684,0.0178522672
kum,Ali_Kuzhuget,ГЬ,33909,3237684,0.0104732272
kum,Ali_Kuzhuget,Д,140662,3237684,0.0434452528
kum,Ali_Kuzhuget,Е,96832,3237684,0.0299077983
kum,Ali_Kuzhuget,Ж,23160,3237684,0.0071532614
kum,Ali_Kuzhuget,З,58151,3237684,0.0179606781
kum,Ali_Kuzhuget,И,393009,3237684,0.1213858425
kum,Ali_Kuzhuget,Й,91852,3237684,0.0283696618
kum,Ali_Kuzhuget,К,82315,3237684,0.0254240377
kum,Ali_Kuzhuget,КЪ,5815,3237684,0.0017960369
kum,Ali_Kuzhuget,КЬ,15597,3237684,0.0048173324
kum,Ali_Kuzhuget,КӀ,8606,3237684,0.0026580729
kum,Ali_Kuzhuget,Л,132804,3237684,0.0410182093
kum,Ali_Kuzhuget,М,89226,3237684,0.0275585882
kum,Ali_Kuzhuget,Н,230123,3237684,0.0710764238
kum,Ali_Kuzhuget,О,79335,3237684,0.0245036267
kum,Ali_Kuzhuget,П,42833,3237684,0.0132295184
kum,Ali_Kuzhuget,ПӀ,19143,3237684,0.0059125597
kum,Ali_Kuzhuget,Р,237202,3237684,0.0732628632
kum,Ali_Kuzhuget,С,91436,3237684,0.0282411749
kum,Ali_Kuzhuget,Т,103992,3237684,0.0321192556
kum,Ali_Kuzhuget,ТӀ,6695,3237684,0.0020678361
kum,Ali_Kuzhuget,У,208976,3237684,0.0645449031
kum,Ali_Kuzhuget,УЬ,4843,3237684,0.0014958223
kum,Ali_Kuzhuget,Ф,16632,3237684,0.0051370053
kum,Ali_Kuzhuget,Х,37106,3237684,0.0114606614
kum,Ali_Kuzhuget,ХЪ,15878,3237684,0.0049041228
kum,Ali_Kuzhuget,ХЬ,20742,3237684,0.0064064313
kum,Ali_Kuzhuget,Ц,12343,3237684,0.0038122930
kum,Ali_Kuzhuget,ЦӀ,3827,3237684,0.0011820178
kum,Ali_Kuzhuget,Ч,24271,3237684,0.0074964079
kum,Ali_Kuzhuget,ЧӀ,3895,3237684,0.0012030204
kum,Ali_Kuzhuget,Ш,46152,3237684,0.0142546339
kum,Ali_Kuzhuget,Щ,1194,3237684,0.0003687821
kum,Ali_Kuzhuget,Ы,5046,3237684,0.0015585215
kum,Ali_Kuzhuget,Ь,8166,3237684,0.0025221733
kum,Ali_Kuzhuget,Э,5253,3237684,0.0016224561
kum,Ali_Kuzhuget,Ю,23649,3237684,0.0073042953
kum,Ali_Kuzhuget,Я,49875,3237684,0.0154045299
kum,Ali_Kuzhuget,Ӏ,19117,3237684,0.0059045293
lbe,Ali_Kuzhuget,І,16619,11531561,0.0014411752
lbe,Ali_Kuzhuget,А,2044982,11531561,0.1773378296
lbe,Ali_Kuzhuget,АЬ,35202,11531561,0.0030526656
lbe,Ali_Kuzhuget,Б,279787,11531561,0.0242627169
lbe,Ali_Kuzhuget,В,469070,11531561,0.0406770601
lbe,Ali_Kuzhuget,Г,130005,11531561,0.0112738423
lbe,Ali_Kuzhuget,ГЪ,35539,11531561,0.0030818898
lbe,Ali_Kuzhuget,ГЬ,70836,11531561,0.0061427937
lbe,Ali_Kuzhuget,Д,311573,11531561,0.0270191520
lbe,Ali_Kuzhuget,Е,141054,11531561,0.0122319953
lbe,Ali_Kuzhuget,Ж,56020,11531561,0.0048579720
lbe,Ali_Kuzhuget,З,99733,11531561,0.0086486990
lbe,Ali_Kuzhuget,И,875273,11531561,0.0759023865
lbe,Ali_Kuzhuget,Й,264631,11531561,0.0229484109
lbe,Ali_Kuzhuget,К,178832,11531561,0.0155080479
lbe,Ali_Kuzhuget,КІ,81703,11531561,0.0070851639
lbe,Ali_Kuzhuget,КК,40662,11531561,0.0035261488
lbe,Ali_Kuzhuget,КЪ,67848,11531561,0.0058836787
lbe,Ali_Kuzhuget,КЬ,54984,11531561,0.0047681316
lbe,Ali_Kuzhuget,Л,914747,11531561,0.0793255137
lbe,Ali_Kuzhuget,М,302053,11531561,0.0261935917
lbe,Ali_Kuzhuget,Н,891920,11531561,0.0773459898
lbe,Ali_Kuzhuget,О,138610,11531561,0.0120200552
lbe,Ali_Kuzhuget,ОЬ,22343,11531561,0.0019375521
lbe,Ali_Kuzhuget,П,72783,11531561,0.0063116347
lbe,Ali_Kuzhuget,ПІ,1008,11531561,0.0000874123
lbe,Ali_Kuzhuget,ПП,8937,11531561,0.0007750035
lbe,Ali_Kuzhuget,Р,722431,11531561,0.0626481532
lbe,Ali_Kuzhuget,С,178294,11531561,0.0154613933
lbe,Ali_Kuzhuget,СС,242560,11531561,0.0210344462
lbe,Ali_Kuzhuget,Т,260561,11531561,0.0225954665
lbe,Ali_Kuzhuget,ТІ,57335,11531561,0.0049720068
lbe,Ali_Kuzhuget,ТТ,96880,11531561,0.0084012910
lbe,Ali_Kuzhuget,У,1286109,11531561,0.1115294798
lbe,Ali_Kuzhuget,Ф,15257,11531561,0.0013230646
lbe,Ali_Kuzhuget,Х,75020,11531561,0.0065056240
lbe,Ali_Kuzhuget,ХІ,64420,11531561,0.0055864076
lbe,Ali_Kuzhuget,ХХ,41287,11531561,0.0035803479
lbe,Ali_Kuzhuget,ХЪ,74108,11531561,0.0064265367
lbe,Ali_Kuzhuget,ХЬ,54511,11531561,0.0047271137
lbe,Ali_Kuzhuget,ХЬХЬ,13880,11531561,0.0012036532
lbe,Ali_Kuzhuget,Ц,83359,11531561,0.0072287698
lbe,Ali_Kuzhuget,ЦІ,42628,11531561,0.0036966374
lbe,Ali_Kuzhuget,ЦЦ,1547,11531561,0.0001341536
lbe,Ali_Kuzhuget,Ч,97127,11531561,0.0084227105
lbe,Ali_Kuzhuget,ЧІ,78125,11531561,0.0067748850
lbe,Ali_Kuzhuget,ЧЧ,16852,11531561,0.0014613806
lbe,Ali_Kuzhuget,Ш,131426,11531561,0.0113970693
lbe,Ali_Kuzhuget,Щ,37356,11531561,0.0032394573
lbe,Ali_Kuzhuget,Ы,7488,11531561,0.0006493483
lbe,Ali_Kuzhuget,Ь,28739,11531561,0.0024922038
lbe,Ali_Kuzhuget,Э,10385,11531561,0.0009005719
lbe,Ali_Kuzhuget,Ю,22874,11531561,0.0019835996
lbe,Ali_Kuzhuget,Я,184248,11531561,0.0159777154
lez,Artur_Magomedov,А,880065,5450524,0.1614642922
lez,Artur_Magomedov,Б,75616,5450524,0.0138731616
lez,Artur_Magomedov,В,207627,5450524,0.0380930347
lez,Artur_Magomedov,Г,86328,5450524,0.0158384772
lez,Artur_Magomedov,ГЪ,30501,5450524,0.0055959757
lez,Artur_Magomedov,ГЬ,63846,5450524,0.0117137361
lez,Artur_Magomedov,Д,251118,5450524,0.0460722675
lez,Artur_Magomedov,Е,258374,5450524,0.0474035157
lez,Artur_Magomedov,Ж,28055,5450524,0.0051472115
lez,Artur_Magomedov,З,113046,5450524,0.0207403912
lez,Artur_Magomedov,И,567065,5450524,0.1040386209
lez,Artur_Magomedov,Й,165275,5450524,0.0303227726
lez,Artur_Magomedov,К,156460,5450524,0.0287054969
lez,Artur_Magomedov,КЪ,34748,5450524,0.0063751669
lez,Artur_Magomedov,КЬ,44037,5450524,0.0080794067
lez,Artur_Magomedov,КӀ,19980,5450524,0.0036657026
lez,Artur_Magomedov,Л,254381,5450524,0.0466709256
lez,Artur_Magomedov,М,131291,5450524,0.0240877758
lez,Artur_Magomedov,Н,393761,5450524,0.0722427789
lez,Artur_Magomedov,О,133317,5450524,0.0244594832
lez,Artur_Magomedov,П,63694,5450524,0.0116858489
lez,Artur_Magomedov,ПӀ,822,5450524,0.0001508112
lez,Artur_Magomedov,Р,395597,5450524,0.0725796272
lez,Artur_Magomedov,С,175933,5450524,0.0322781810
lez,Artur_Magomedov,Т,193336,5450524,0.0354710850
lez,Artur_Magomedov,ТӀ,15788,5450524,0.0028966022
lez,Artur_Magomedov,У,203612,5450524,0.0373564083
lez,Artur_Magomedov,УЬ,62311,5450524,0.0114321118
lez,Artur_Magomedov,Ф,34819,5450524,0.0063881931
lez,Artur_Magomedov,Х,75523,5450524,0.0138560990
lez,Artur_Magomedov,ХЪ,13421,5450524,0.0024623321
lez,Artur_Magomedov,ХЬ,15219,5450524,0.0027922086
lez,Artur_Magomedov,Ц,22614,5450524,0.0041489589
lez,Artur_Magomedov,ЦӀ,8543,5450524,0.0015673722
lez,Artur_Magomedov,Ч,46514,5450524,0.0085338584
lez,Artur_Magomedov,ЧӀ,21338,5450524,0.0039148530
lez,Artur_Magomedov,Ш,41773,5450524,0.0076640338
lez,Artur_Magomedov,Щ,1038,5450524,0.0001904404
lez,Artur_Magomedov,Ы,8985,5450524,0.0016484654
lez,Artur_Magomedov,Ь,19740,5450524,0.0036216701
lez,Artur_Magomedov,Э,21930,5450524,0.0040234664
lez,Artur_Magomedov,Ю,10729,5450524,0.0019684346
lez,Artur_Magomedov,Я,102354,5450524,0.0187787449
mdf,Ali_Kuzhuget,А,707164,6458815,0.1094881956
mdf,Ali_Kuzhuget,Б,60423,6458815,0.0093551216
mdf,Ali_Kuzhuget,В,191518,6458815,0.0296521885
mdf,Ali_Kuzhuget,Г,71168,6458815,0.0110187395
mdf,Ali_Kuzhuget,Д,179248,6458815,0.0277524592
mdf,Ali_Kuzhuget,Е,429282,6458815,0.0664645140
mdf,Ali_Kuzhuget,Ж,24293,6458815,0.0037612163
mdf,Ali_Kuzhuget,З,117574,6458815,0.0182036488
mdf,Ali_Kuzhuget,И,349971,6458815,0.0541850169
mdf,Ali_Kuzhuget,Й,95067,6458815,0.0147189539
mdf,Ali_Kuzhuget,К,315837,6458815,0.0489001465
mdf,Ali_Kuzhuget,Л,234183,6458815,0.0362578894
mdf,Ali_Kuzhuget,М,232388,6458815,0.0359799747
mdf,Ali_Kuzhuget,Н,538618,6458815,0.0833926966
mdf,Ali_Kuzhuget,О,494814,6458815,0.0766106476
mdf,Ali_Kuzhuget,П,111638,6458815,0.0172845948
mdf,Ali_Kuzhuget,Р,275386,6458815,0.0426372330
mdf,Ali_Kuzhuget,С,462359,6458815,0.0715857321
mdf,Ali_Kuzhuget,Т,441842,6458815,0.0684091432
mdf,Ali_Kuzhuget,У,109412,6458815,0.0169399495
mdf,Ali_Kuzhuget,Ф,85967,6458815,0.0133100267
mdf,Ali_Kuzhuget,Х,53399,6458815,0.0082676157
mdf,Ali_Kuzhuget,Ц,80876,6458815,0.0125218016
mdf,Ali_Kuzhuget,Ч,40067,6458815,0.0062034599
mdf,Ali_Kuzhuget,Ш,74878,6458815,0.0115931483
mdf,Ali_Kuzhuget,Щ,8815,6458815,0.0013648014
mdf,Ali_Kuzhuget,Ы,27116,6458815,0.0041982933
mdf,Ali_Kuzhuget,Ь,375446,6458815,0.0581292389
mdf,Ali_Kuzhuget,Э,37177,6458815,0.0057560094
mdf,Ali_Kuzhuget,Ю,19459,6458815,0.0030127818
mdf,Ali_Kuzhuget,Я,213430,6458815,0.0330447613
mhr,FU-lab,А,11425331,107845436,0.1059417201
mhr,FU-lab,Б,289030,107845436,0.0026800392
mhr,FU-lab,В,2301357,107845436,0.0213394010
mhr,FU-lab,Г,2088291,107845436,0.0193637402
mhr,FU-lab,Д,2875584,107845436,0.0266639378
mhr,FU-lab,Е,8708028,107845436,0.0807454476
mhr,FU-lab,Ж,1480898,107845436,0.0137316706
mhr,FU-lab,З,660422,107845436,0.0061237826
mhr,FU-lab,И,2975466,107845436,0.0275900966
mhr,FU-lab,Й,2310411,107845436,0.0214233544
mhr,FU-lab,К,6256182,107845436,0.0580106329
mhr,FU-lab,Л,6260924,107845436,0.0580546033
mhr,FU-lab,М,5882596,107845436,0.0545465457
mhr,FU-lab,Н,7366051,107845436,0.0683019261
mhr,FU-lab,О,6190304,107845436,0.0573997772
mhr,FU-lab,П,2067844,107845436,0.0191741447
mhr,FU-lab,Р,4141931,107845436,0.0384061779
mhr,FU-lab,С,1909168,107845436,0.0177028168
mhr,FU-lab,Т,7180315,107845436,0.0665796835
mhr,FU-lab,У,3309398,107845436,0.0306864910
mhr,FU-lab,Ф,115484,107845436,0.0010708288
mhr,FU-lab,Х,108849,107845436,0.0010093056
mhr,FU-lab,Ц,107672,107845436,0.0009983918
mhr,FU-lab,Ч,2208250,107845436,0.0204760635
mhr,FU-lab,Ш,6330189,107845436,0.0586968650
mhr,FU-lab,Щ,18925,107845436,0.0001754826
mhr,FU-lab,Ы,9337641,107845436,0.0865835528
mhr,FU-lab,Ь,380442,107845436,0.0035276597
mhr,FU-lab,Э,440013,107845436,0.0040800336
mhr,FU-lab,Ю,130614,107845436,0.0012111222
mhr,FU-lab,Я,610608,107845436,0.0056618808
mhr,FU-lab,Ҥ,530181,107845436,0.0049161190
mhr,FU-lab,Ӓ,2245,107845436,0.0000208168
mhr,FU-lab,Ӧ,681706,107845436,0.0063211391
mhr,FU-lab,Ӱ,1161593,107845436,0.0107709055
mhr,FU-lab,Ӹ,1493,107845436,0.0000138439
mrj,FU-lab,А,405834,5792606,0.0700606946
mrj,FU-lab,Б,17645,5792606,0.0030461247
mrj,FU-lab,В,165293,5792606,0.0285351705
mrj,FU-lab,Г,115521,5792606,0.0199428375
mrj,FU-lab,Д,181620,5792606,0.0313537637
mrj,FU-lab,Е,309762,5792606,0.0534754133
mrj,FU-lab,Ж,82963,5792606,0.0143222239
mrj,FU-lab,З,38154,5792606,0.0065866727
mrj,FU-lab,И,226258,5792606,0.0390597945
mrj,FU-lab,Й,65861,5792606,0.0113698394
mrj,FU-lab,К,306263,5792606,0.0528713674
mrj,FU-lab,Л,359646,5792606,0.0620870814
mrj,FU-lab,М,276000,5792606,0.0476469485
mrj,FU-lab,Н,411145,5792606,0.0709775531
mrj,FU-lab,О,248381,5792606,0.0428789736
mrj,FU-lab,П,121370,5792606,0.0209525730
mrj,FU-lab,Р,226771,5792606,0.0391483557
mrj,FU-lab,С,119889,5792606,0.0206969022
mrj,FU-lab,Т,365796,5792606,0.0631487797
mrj,FU-lab,У,94962,5792606,0.0163936577
mrj,FU-lab,Ф,12490,5792606,0.0021561971
mrj,FU-lab,Х,34731,5792606,0.0059957470
mrj,FU-lab,Ц,50986,5792606,0.0088019106
mrj,FU-lab,Ч,40119,5792606,0.0069258983
mrj,FU-lab,Ш,323894,5792606,0.0559150752
mrj,FU-lab,Щ,935,5792606,0.0001614127
mrj,FU-lab,Ы,342167,5792606,0.0590696139
mrj,FU-lab,Ь,52049,5792606,0.0089854204
mrj,FU-lab,Э,32762,5792606,0.0056558309
mrj,FU-lab,Ю,6471,5792606,0.0011171138
mrj,FU-lab,Я,42996,5792606,0.0074225659
mrj,FU-lab,Ӓ,283522,5792606,0.0489455005
mrj,FU-lab,Ӧ,10070,5792606,0.0017384231
mrj,FU-lab,Ӱ,19676,5792606,0.0033967441
mrj,FU-lab,Ӹ,400604,5792606,0.0691578195
myv,Ali_Kuzhuget,А,1773332,20804558,0.0852376676
myv,Ali_Kuzhuget,Б,134005,20804558,0.0064411366
myv,Ali_Kuzhuget,В,851581,20804558,0.0409324245
myv,Ali_Kuzhuget,Г,200180,20804558,0.0096219300
myv,Ali_Kuzhuget,Д,584041,20804558,0.0280727425
myv,Ali_Kuzhuget,Е,1770868,20804558,0.0851192320
myv,Ali_Kuzhuget,Ж,89356,20804558,0.0042950204
myv,Ali_Kuzhuget,З,442795,20804558,0.0212835572
myv,Ali_Kuzhuget,И,964046,20804558,0.0463382111
myv,Ali_Kuzhuget,Й,219949,20804558,0.0105721544
myv,Ali_Kuzhuget,К,1103079,20804558,0.0530210255
myv,Ali_Kuzhuget,Л,732595,20804558,0.0352131970
myv,Ali_Kuzhuget,М,791519,20804558,0.0380454610
myv,Ali_Kuzhuget,Н,1652451,20804558,0.0794273543
myv,Ali_Kuzhuget,О,1711085,20804558,0.0822456790
myv,Ali_Kuzhuget,П,388304,20804558,0.0186643715
myv,Ali_Kuzhuget,Р,894772,20804558,0.0430084600
myv,Ali_Kuzhuget,С,1487676,20804558,0.0715072149
myv,Ali_Kuzhuget,Т,1540836,20804558,0.0740624242
myv,Ali_Kuzhuget,У,367517,20804558,0.0176652155
myv,Ali_Kuzhuget,Ф,38132,20804558,0.0018328676
myv,Ali_Kuzhuget,Х,51676,20804558,0.0024838788
myv,Ali_Kuzhuget,Ц,136387,20804558,0.0065556307
myv,Ali_Kuzhuget,Ч,182294,20804558,0.0087622145
myv,Ali_Kuzhuget,Ш,216882,20804558,0.0104247348
myv,Ali_Kuzhuget,Щ,16074,20804558,0.0007726192
myv,Ali_Kuzhuget,Ы,261494,20804558,0.0125690726
myv,Ali_Kuzhuget,Ь,1210304,20804558,0.0581749442
myv,Ali_Kuzhuget,Э,387646,20804558,0.0186327438
myv,Ali_Kuzhuget,Ю,67878,20804558,0.0032626504
myv,Ali_Kuzhuget,Я,535804,20804558,0.0257541641
nog,Renat_Shakhmirzov,А,477078,3782151,0.1261393318
nog,Renat_Shakhmirzov,АЬ,19668,3782151,0.0052002154
nog,Renat_Shakhmirzov,Б,96920,3782151,0.0256256294
nog,Renat_Shakhmirzov,В,71792,3782151,0.0189817910
nog,Renat_Shakhmirzov,Г,108609,3782151,0.0287161988
nog,Renat_Shakhmirzov,Д,161551,3782151,0.0427140535
nog,Renat_Shakhmirzov,Е,269115,3782151,0.0711539545
nog,Renat_Shakhmirzov,Ж,8522,3782151,0.0022532152
nog,Renat_Shakhmirzov,З,62799,3782151,0.0166040436
nog,Renat_Shakhmirzov,И,254881,3782151,0.0673904876
nog,Renat_Shakhmirzov,Й,92035,3782151,0.0243340364
nog,Renat_Shakhmirzov,К,188057,3782151,0.0497222348
nog,Renat_Shakhmirzov,Л,257322,3782151,0.0680358875
nog,Renat_Shakhmirzov,М,124502,3782151,0.0329183050
nog,Renat_Shakhmirzov,Н,253873,3782151,0.0671239726
nog,Renat_Shakhmirzov,НЪ,47271,3782151,0.0124984433
nog,Renat_Shakhmirzov,О,134994,3782151,0.0356923877
nog,Renat_Shakhmirzov,ОЬ,29613,3782151,0.0078296715
nog,Renat_Shakhmirzov,П,59794,3782151,0.0158095221
nog,Renat_Shakhmirzov,Р,224020,3782151,0.0592308451
nog,Renat_Shakhmirzov,С,152945,3782151,0.0404386287
nog,Renat_Shakhmirzov,Т,166526,3782151,0.0440294425
nog,Renat_Shakhmirzov,У,58561,3782151,0.0154835172
nog,Renat_Shakhmirzov,УЬ,29079,3782151,0.0076884820
nog,Renat_Shakhmirzov,Ф,6075,3782151,0.0016062288
nog,Renat_Shakhmirzov,Х,13690,3782151,0.0036196334
nog,Renat_Shakhmirzov,Ц,6509,3782151,0.0017209784
nog,Renat_Shakhmirzov,Ч,5219,3782151,0.0013799026
nog,Renat_Shakhmirzov,Ш,54978,3782151,0.0145361727
nog,Renat_Shakhmirzov,Щ,916,3782151,0.0002421902
nog,Renat_Shakhmirzov,Ы,255112,3782151,0.0674515639
nog,Renat_Shakhmirzov,Ь,8913,3782151,0.0023565955
nog,Renat_Shakhmirzov,Э,30265,3782151,0.0080020602
nog,Renat_Shakhmirzov,Ю,8130,3782151,0.0021495704
nog,Renat_Shakhmirzov,Я,42817,3782151,0.0113208066
oss,Alina_Kanukova,А,7482,101469,0.0737368063
oss,Alina_Kanukova,Б,1686,101469,0.0166159122
oss,Alina_Kanukova,В,603,101469,0.0059427017
oss,Alina_Kanukova,Г,3006,101469,0.0296248115
oss,Alina_Kanukova,Д,7056,101469,0.0695384797
oss,Alina_Kanukova,Е,435,101469,0.0042870236
oss,Alina_Kanukova,Ж,418,101469,0.0041194848
oss,Alina_Kanukova,З,2716,101469,0.0267667958
oss,Alina_Kanukova,И,2616,101469,0.0257812731
oss,Alina_Kanukova,Й,3442,101469,0.0339216904
oss,Alina_Kanukova,К,2297,101469,0.0226374558
oss,Alina_Kanukova,Л,2143,101469,0.0211197509
oss,Alina_Kanukova,М,4415,101469,0.0435108260
oss,Alina_Kanukova,Н,6190,101469,0.0610038534
oss,Alina_Kanukova,О,2345,101469,0.0231105067
oss,Alina_Kanukova,П,491,101469,0.0048389163
oss,Alina_Kanukova,Р,5111,101469,0.0503700638
oss,Alina_Kanukova,С,4200,101469,0.0413919522
oss,Alina_Kanukova,Т,5253,101469,0.0517695060
oss,Alina_Kanukova,У,5473,101469,0.0539376558
oss,Alina_Kanukova,Ф,1720,101469,0.0169509900
oss,Alina_Kanukova,Х,3436,101469,0.0338625590
oss,Alina_Kanukova,Ц,1854,101469,0.0182715903
oss,Alina_Kanukova,Ч,362,101469,0.0035675921
oss,Alina_Kanukova,Ш,2,101469,0.0000197105
oss,Alina_Kanukova,Щ,0,101469,0.0000000000
oss,Alina_Kanukova,Ы,9607,101469,0.0946791631
oss,Alina_Kanukova,Ь,27,101469,0.0002660911
oss,Alina_Kanukova,Э,1,101469,0.0000098552
oss,Alina_Kanukova,Ю,2,101469,0.0000197105
oss,Alina_Kanukova,Я,2,101469,0.0000197105
oss,Alina_Kanukova,Ӕ,17078,101469,0.1683075619
rom,Ali_Kuzhuget,А,65884,663688,0.0992695363
rom,Ali_Kuzhuget,Б,12544,663688,0.0189004472
rom,Ali_Kuzhuget,В,19438,663688,0.0292878582
rom,Ali_Kuzhuget,Г,9814,663688,0.0147870686
rom,Ali_Kuzhuget,Д,25196,663688,0.0379636215
rom,Ali_Kuzhuget,Е,19092,663688,0.0287665289
rom,Ali_Kuzhuget,Ж,4853,663688,0.0073121708
rom,Ali_Kuzhuget,З,9329,663688,0.0140563036
rom,Ali_Kuzhuget,И,44926,663688,0.0676914454
rom,Ali_Kuzhuget,Й,1602,663688,0.0024137848
rom,Ali_Kuzhuget,К,35015,663688,0.0527582237
rom,Ali_Kuzhuget,Л,25347,663688,0.0381911380
rom,Ali_Kuzhuget,М,13458,663688,0.0202776003
rom,Ali_Kuzhuget,Н,49104,663688,0.0739865720
rom,Ali_Kuzhuget,О,54955,663688,0.0828024614
rom,Ali_Kuzhuget,П,23153,663688,0.0348853678
rom,Ali_Kuzhuget,Р,49931,663688,0.0752326394
rom,Ali_Kuzhuget,С,39453,663688,0.0594451007
rom,Ali_Kuzhuget,Т,29348,663688,0.0442195731
rom,Ali_Kuzhuget,У,13368,663688,0.0201419944
rom,Ali_Kuzhuget,Ф,1841,663688,0.0027738938
rom,Ali_Kuzhuget,Х,8921,663688,0.0134415569
rom,Ali_Kuzhuget,Ц,5021,663688,0.0075653018
rom,Ali_Kuzhuget,Ч,7890,663688,0.0118881161
rom,Ali_Kuzhuget,Ш,7316,663688,0.0110232519
rom,Ali_Kuzhuget,Щ,243,663688,0.0003661359
rom,Ali_Kuzhuget,Ы,20773,663688,0.0312993455
rom,Ali_Kuzhuget,Ь,6013,663688,0.0090599800
rom,Ali_Kuzhuget,Э,43009,663688,0.0648030400
rom,Ali_Kuzhuget,Ю,1883,663688,0.0028371765
rom,Ali_Kuzhuget,Я,14329,663688,0.0215899640
rom,Ali_Kuzhuget,Ґ,639,663688,0.0009628018
ron,Ali_Kuzhuget,А,741948,8588610,0.0863874364
ron,Ali_Kuzhuget,Б,90486,8588610,0.0105355814
ron,Ali_Kuzhuget,В,120367,8588610,0.0140147242
ron,Ali_Kuzhuget,Г,59447,8588610,0.0069216090
ron,Ali_Kuzhuget,Д,292115,8588610,0.0340119065
ron,Ali_Kuzhuget,Е,903567,8588610,0.1052052660
ron,Ali_Kuzhuget,Ж,25754,8588610,0.0029986226
ron,Ali_Kuzhuget,З,66552,8588610,0.0077488674
ron,Ali_Kuzhuget,И,678348,8588610,0.0789822800
ron,Ali_Kuzhuget,Й,158553,8588610,0.0184608452
ron,Ali_Kuzhuget,К,346994,8588610,0.0404016482
ron,Ali_Kuzhuget,Л,453798,8588610,0.0528371879
ron,Ali_Kuzhuget,М,244326,8588610,0.0284476766
ron,Ali_Kuzhuget,Н,554818,8588610,0.0645992774
ron,Ali_Kuzhuget,О,423224,8588610,0.0492773569
ron,Ali_Kuzhuget,П,269510,8588610,0.0313799323
ron,Ali_Kuzhuget,Р,632594,8588610,0.0736549919
ron,Ali_Kuzhuget,С,353340,8588610,0.0411405338
ron,Ali_Kuzhuget,Т,566051,8588610,0.0659071724
ron,Ali_Kuzhuget,У,504496,8588610,0.0587401221
ron,Ali_Kuzhuget,Ф,91158,8588610,0.0106138246
ron,Ali_Kuzhuget,Х,15015,8588610,0.0017482456
ron,Ali_Kuzhuget,Ц,105230,8588610,0.0122522737
ron,Ali_Kuzhuget,Ч,116536,8588610,0.0135686683
ron,Ali_Kuzhuget,Ш,117264,8588610,0.0136534317
ron,Ali_Kuzhuget,Щ,3488,8588610,0.0004061193
ron,Ali_Kuzhuget,Ы,154139,8588610,0.0179469088
ron,Ali_Kuzhuget,Ь,83427,8588610,0.0097136789
ron,Ali_Kuzhuget,Э,286835,8588610,0.0333971388
ron,Ali_Kuzhuget,Ю,5224,8588610,0.0006082474
ron,Ali_Kuzhuget,Я,110160,8588610,0.0128262897
ron,Ali_Kuzhuget,Ӂ,13846,8588610,0.0016121351
rut,Ali_Kuzhuget,А,5740,35834,0.1601830664
rut,Ali_Kuzhuget,АӀ,227,35834,0.0063347659
rut,Ali_Kuzhuget,Б,719,35834,0.0200647430
rut,Ali_Kuzhuget,В,1148,35834,0.0320366133
rut,Ali_Kuzhuget,Г,1244,35834,0.0347156332
rut,Ali_Kuzhuget,ГЪ,538,35834,0.0150136742
rut,Ali_Kuzhuget,Д,1961,35834,0.0547245633
rut,Ali_Kuzhuget,ДЖ,132,35834,0.0036836524
rut,Ali_Kuzhuget,ДЗ,5,35834,0.0001395323
rut,Ali_Kuzhuget,Е,1526,35834,0.0425852542
rut,Ali_Kuzhuget,Ж,4,35834,0.0001116258
rut,Ali_Kuzhuget,З,762,35834,0.0212647207
rut,Ali_Kuzhuget,И,3082,35834,0.0860077022
rut,Ali_Kuzhuget,Й,1050,35834,0.0293017804
rut,Ali_Kuzhuget,К,726,35834,0.0202600882
rut,Ali_Kuzhuget,КЪ,142,35834,0.0039627170
rut,Ali_Kuzhuget,КЬ,453,35834,0.0126416253
rut,Ali_Kuzhuget,КӀ,123,35834,0.0034324943
rut,Ali_Kuzhuget,Л,1228,35834,0.0342691299
rut,Ali_Kuzhuget,М,817,35834,0.0227995758
rut,Ali_Kuzhuget,Н,1075,35834,0.0299994419
rut,Ali_Kuzhuget,О,125,35834,0.0034883072
rut,Ali_Kuzhuget,П,147,35834,0.0041022493
rut,Ali_Kuzhuget,ПӀ,26,35834,0.0007255679
rut,Ali_Kuzhuget,Р,2897,35834,0.0808450075
rut,Ali_Kuzhuget,С,916,35834,0.0255623151
rut,Ali_Kuzhuget,Т,394,35834,0.0109951443
rut,Ali_Kuzhuget,ТӀ,165,35834,0.0046045655
rut,Ali_Kuzhuget,У,1372,35834,0.0382876598
rut,Ali_Kuzhuget,УӀ,90,35834,0.0025115812
rut,Ali_Kuzhuget,Ф,34,35834,0.0009488196
rut,Ali_Kuzhuget,Х,1480,35834,0.0413015572
rut,Ali_Kuzhuget,Ц,19,35834,0.0005302227
rut,Ali_Kuzhuget,ЦӀ,95,35834,0.0026511135
rut,Ali_Kuzhuget,Ч,230,35834,0.0064184852
rut,Ali_Kuzhuget,ЧӀ,170,35834,0.0047440978
rut,Ali_Kuzhuget,Ш,670,35834,0.0186973266
rut,Ali_Kuzhuget,Ы,2836,35834,0.0791427136
rut,Ali_Kuzhuget,ЫӀ,163,35834,0.0045487526
rut,Ali_Kuzhuget,Ь,1254,35834,0.0349946978
rut,Ali_Kuzhuget,Э,19,35834,0.0005302227
rut,Ali_Kuzhuget,Ю,4,35834,0.0001116258
rut,Ali_Kuzhuget,Я,26,35834,0.0007255679
sah,Sargy_A,А,30078015,230240475,0.1306373912
sah,Sargy_A,Б,7434116,230240475,0.0322884845
sah,Sargy_A,В,1834175,230240475,0.0079663448
sah,Sargy_A,Г,3774079,230240475,0.0163919007
sah,Sargy_A,Д,4147825,230240475,0.0180151861
sah,Sargy_A,ДЬ,1101685,230240475,0.0047849319
sah,Sargy_A,Е,3034680,230240475,0.0131804801
sah,Sargy_A,Ж,194516,230240475,0.0008448384
sah,Sargy_A,З,482644,230240475,0.0020962604
sah,Sargy_A,И,15174757,230240475,0.0659082944
sah,Sargy_A,Й,3823655,230240475,0.0166072234
sah,Sargy_A,К,8025979,230240475,0.0348591142
sah,Sargy_A,Л,12011627,230240475,0.0521699193
sah,Sargy_A,М,4056007,230240475,0.0176163943
sah,Sargy_A,Н,16499750,230240475,0.0716631166
sah,Sargy_A,НЬ,369145,230240475,0.0016033019
sah,Sargy_A,О,11870803,230240475,0.0515582805
sah,Sargy_A,П,2602975,230240475,0.0113054623
sah,Sargy_A,Р,15741863,230240475,0.0683713973
sah,Sargy_A,С,9275179,230240475,0.0402847458
sah,Sargy_A,Т,16622149,230240475,0.0721947303
sah,Sargy_A,У,11177159,230240475,0.0485455870
sah,Sargy_A,Ф,307713,230240475,0.0013364853
sah,Sargy_A,Х,5132004,230240475,0.0222897560
sah,Sargy_A,Ц,297436,230240475,0.0012918493
sah,Sargy_A,Ч,1887668,230240475,0.0081986801
sah,Sargy_A,Ш,222805,230240475,0.0009677056
sah,Sargy_A,Щ,66546,230240475,0.0002890282
sah,Sargy_A,Ы,12509868,230240475,0.0543339220
sah,Sargy_A,Ь,649393,230240475,0.0028204989
sah,Sargy_A,Э,15146391,230240475,0.0657850927
sah,Sargy_A,Ю,153605,230240475,0.0006671503
sah,Sargy_A,Я,713437,230240475,0.0030986602
sah,Sargy_A,Ҕ,1941006,230240475,0.0084303422
sah,Sargy_A,Ҥ,1290129,230240475,0.0056033979
sah,Sargy_A,Ү,4668626,230240475,0.0202771732
sah,Sargy_A,Һ,2787130,230240475,0.0121052999
sah,Sargy_A,Ө,3133935,230240475,0.0136115729
sty,inov8,А,77853006,706581661,0.1101826021
sty,inov8,Б,19795025,706581661,0.0280151978
sty,inov8,В,5354413,706581661,0.0075779111
sty,inov8,Г,20606143,706581661,0.0291631444
sty,inov8,Д,21586385,706581661,0.0305504462
sty,inov8,Е,51058033,706581661,0.0722606258
sty,inov8,Ж,458516,706581661,0.0006489215
sty,inov8,З,10503732,706581661,0.0148655599
sty,inov8,И,31391767,706581661,0.0444276560
sty,inov8,Й,7681181,706581661,0.0108709034
sty,inov8,К,35335087,706581661,0.0500084972
sty,inov8,Л,46088817,706581661,0.0652278704
sty,inov8,М,21200345,706581661,0.0300040974
sty,inov8,Н,50427169,706581661,0.0713677863
sty,inov8,О,12701597,706581661,0.0179761204
sty,inov8,П,9850133,706581661,0.0139405444
sty,inov8,Р,48230262,706581661,0.0682585817
sty,inov8,С,20044722,706581661,0.0283685851
sty,inov8,Т,37409958,706581661,0.0529449886
sty,inov8,У,18377619,706581661,0.0260091933
sty,inov8,Ф,2895207,706581661,0.0040974839
sty,inov8,Х,5109979,706581661,0.0072319723
sty,inov8,Ц,1174274,706581661,0.0016619084
sty,inov8,Ч,10474504,706581661,0.0148241945
sty,inov8,Ш,12645447,706581661,0.0178966533
sty,inov8,Щ,40545,706581661,0.0000573819
sty,inov8,Ы,39058150,706581661,0.0552776164
sty,inov8,Ь,2848265,706581661,0.0040310486
sty,inov8,Э,2070482,706581661,0.0029302798
sty,inov8,Ю,1334497,706581661,0.0018886663
sty,inov8,Я,7676277,706581661,0.0108639630
sty,inov8,Җ,3275573,706581661,0.0046358025
sty,inov8,Ң,7171855,706581661,0.0101500724
sty,inov8,Ү,8572880,706581661,0.0121328934
sty,inov8,Һ,2860449,706581661,0.0040482922
sty,inov8,Ә,47020803,706581661,0.0665468772
sty,inov8,Ө,6398564,706581661,0.0090556610
tab,Ali_Kuzhuget,А,467276,3237684,0.1443241527
tab,Ali_Kuzhuget,АЬ,11198,3237684,0.0034586451
tab,Ali_Kuzhuget,Б,79466,3237684,0.0245440877
tab,Ali_Kuzhuget,В,104038,3237684,0.0321334633
tab,Ali_Kuzhuget,Г,28244,3237684,0.0087235197
tab,Ali_Kuzhuget,ГЪ,57800,3237684,0.0178522672
tab,Ali_Kuzhuget,ГЬ,33909,3237684,0.0104732272
tab,Ali_Kuzhuget,Д,140662,3237684,0.0434452528
tab,Ali_Kuzhuget,Е,96832,3237684,0.0299077983
tab,Ali_Kuzhuget,Ж,23160,3237684,0.0071532614
tab,Ali_Kuzhuget,З,58151,3237684,0.0179606781
tab,Ali_Kuzhuget,И,393009,3237684,0.1213858425
tab,Ali_Kuzhuget,Й,91852,3237684,0.0283696618
tab,Ali_Kuzhuget,К,82315,3237684,0.0254240377
tab,Ali_Kuzhuget,КЪ,5815,3237684,0.0017960369
tab,Ali_Kuzhuget,КЬ,15597,3237684,0.0048173324
tab,Ali_Kuzhuget,КӀ,8606,3237684,0.0026580729
tab,Ali_Kuzhuget,Л,132804,3237684,0.0410182093
tab,Ali_Kuzhuget,М,89226,3237684,0.0275585882
tab,Ali_Kuzhuget,Н,230123,3237684,0.0710764238
tab,Ali_Kuzhuget,О,79335,3237684,0.0245036267
tab,Ali_Kuzhuget,П,42833,3237684,0.0132295184
tab,Ali_Kuzhuget,ПӀ,19143,3237684,0.0059125597
tab,Ali_Kuzhuget,Р,237202,3237684,0.0732628632
tab,Ali_Kuzhuget,С,91436,3237684,0.0282411749
tab,Ali_Kuzhuget,Т,103992,3237684,0.0321192556
tab,Ali_Kuzhuget,ТӀ,6695,3237684,0.0020678361
tab,Ali_Kuzhuget,У,208976,3237684,0.0645449031
tab,Ali_Kuzhuget,УЬ,4843,3237684,0.0014958223
tab,Ali_Kuzhuget,Ф,16632,3237684,0.0051370053
tab,Ali_Kuzhuget,Х,37106,3237684,0.0114606614
tab,Ali_Kuzhuget,ХЪ,15878,3237684,0.0049041228
tab,Ali_Kuzhuget,ХЬ,20742,3237684,0.0064064313
tab,Ali_Kuzhuget,Ц,12343,3237684,0.0038122930
tab,Ali_Kuzhuget,ЦӀ,3827,3237684,0.0011820178
tab,Ali_Kuzhuget,Ч,24271,3237684,0.0074964079
tab,Ali_Kuzhuget,ЧӀ,3895,3237684,0.0012030204
tab,Ali_Kuzhuget,Ш,46152,3237684,0.0142546339
tab,Ali_Kuzhuget,Щ,1194,3237684,0.0003687821
tab,Ali_Kuzhuget,Ы,5046,3237684,0.0015585215
tab,Ali_Kuzhuget,Ь,8166,3237684,0.0025221733
tab,Ali_Kuzhuget,Э,5253,3237684,0.0016224561
tab,Ali_Kuzhuget,Ю,23649,3237684,0.0073042953
tab,Ali_Kuzhuget,Я,49875,3237684,0.0154045299
tab,Ali_Kuzhuget,Ӏ,19117,3237684,0.0059045293
tat,inov8,А,77853006,706581661,0.1101826021
tat,inov8,Б,19795025,706581661,0.0280151978
tat,inov8,В,5354413,706581661,0.0075779111
tat,inov8,Г,20606143,706581661,0.0291631444
tat,inov8,Д,21586385,706581661,0.0305504462
tat,inov8,Е,51058033,706581661,0.0722606258
tat,inov8,Ж,458516,706581661,0.0006489215
tat,inov8,З,10503732,706581661,0.0148655599
tat,inov8,И,31391767,706581661,0.0444276560
tat,inov8,Й,7681181,706581661,0.0108709034
tat,inov8,К,35335087,706581661,0.0500084972
tat,inov8,Л,46088817,706581661,0.0652278704
tat,inov8,М,21200345,706581661,0.0300040974
tat,inov8,Н,50427169,706581661,0.0713677863
tat,inov8,О,12701597,706581661,0.0179761204
tat,inov8,П,9850133,706581661,0.0139405444
tat,inov8,Р,48230262,706581661,0.0682585817
tat,inov8,С,20044722,706581661,0.0283685851
tat,inov8,Т,37409958,706581661,0.0529449886
tat,inov8,У,18377619,706581661,0.0260091933
tat,inov8,Ф,2895207,706581661,0.0040974839
tat,inov8,Х,5109979,706581661,0.0072319723
tat,inov8,Ц,1174274,706581661,0.0016619084
tat,inov8,Ч,10474504,706581661,0.0148241945
tat,inov8,Ш,12645447,706581661,0.0178966533
tat,inov8,Щ,40545,706581661,0.0000573819
tat,inov8,Ы,39058150,706581661,0.0552776164
tat,inov8,Ь,2848265,706581661,0.0040310486
tat,inov8,Э,2070482,706581661,0.0029302798
tat,inov8,Ю,1334497,706581661,0.0018886663
tat,inov8,Я,7676277,706581661,0.0108639630
tat,inov8,Җ,3275573,706581661,0.0046358025
tat,inov8,Ң,7171855,706581661,0.0101500724
tat,inov8,Ү,8572880,706581661,0.0121328934
tat,inov8,Һ,2860449,706581661,0.0040482922
tat,inov8,Ә,47020803,706581661,0.0665468772
tat,inov8,Ө,6398564,706581661,0.0090556610
tgk,maxmerben,А,3312524,21599502,0.1533611284
tgk,maxmerben,Б,707328,21599502,0.0327474217
tgk,maxmerben,В,492609,21599502,0.0228064980
tgk,maxmerben,Г,246802,21599502,0.0114262820
tgk,maxmerben,Д,1240028,21599502,0.0574100273
tgk,maxmerben,Е,420837,21599502,0.0194836437
tgk,maxmerben,Ж,4993,21599502,0.0002311627
tgk,maxmerben,З,450070,21599502,0.0208370545
tgk,maxmerben,И,2575618,21599502,0.1192443233
tgk,maxmerben,Й,76661,21599502,0.0035492022
tgk,maxmerben,К,529120,21599502,0.0244968611
tgk,maxmerben,Л,519509,21599502,0.0240518971
tgk,maxmerben,М,1025610,21599502,0.0474830392
tgk,maxmerben,Н,1291870,21599502,0.0598101753
tgk,maxmerben,О,2043557,21599502,0.0946113017
tgk,maxmerben,П,116937,21599502,0.0054138748
tgk,maxmerben,Р,1454152,21599502,0.0673234040
tgk,maxmerben,С,733117,21599502,0.0339413844
tgk,maxmerben,Т,1012035,21599502,0.0468545525
tgk,maxmerben,У,797700,21599502,0.0369314070
tgk,maxmerben,Ф,207438,21599502,0.0096038325
tgk,maxmerben,Х,213908,21599502,0.0099033765
tgk,maxmerben,Ч,57755,21599502,0.0026739042
tgk,maxmerben,Ш,429737,21599502,0.0198956902
tgk,maxmerben,Э,24716,21599502,0.0011442856
tgk,maxmerben,Ю,18821,21599502,0.0008713627
tgk,maxmerben,Я,172221,21599502,0.0079733783
tgk,maxmerben,Ғ,45491,21599502,0.0021061134
tgk,maxmerben,Қ,186654,21599502,0.0086415881
tgk,maxmerben,Ҳ,638606,21599502,0.0295657742
tgk,maxmerben,Ҷ,235140,21599502,0.0108863621
tgk,maxmerben,Ӣ,198224,21599502,0.0091772486
tgk,maxmerben,Ӯ,119714,21599502,0.0055424426
tin,Ali_Kuzhuget,І,591,11212,0.0527113807
tin,Ali_Kuzhuget,А,2208,11212,0.1969318587
tin,Ali_Kuzhuget,А̄,146,11212,0.0130217624
tin,Ali_Kuzhuget,Б,659,11212,0.0587763111
tin,Ali_Kuzhuget,В,341,11212,0.0304138423
tin,Ali_Kuzhuget,Г,140,11212,0.0124866215
tin,Ali_Kuzhuget,ГЪ,68,11212,0.0060649304
tin,Ali_Kuzhuget,ГЬ,346,11212,0.0308597931
tin,Ali_Kuzhuget,Д,115,11212,0.0102568676
tin,Ali_Kuzhuget,ДЖ,5,11212,0.0004459508
tin,Ali_Kuzhuget,Е,299,11212,0.0266678559
tin,Ali_Kuzhuget,Е̄,73,11212,0.0065108812
tin,Ali_Kuzhuget,Ж,53,11212,0.0047270781
tin,Ali_Kuzhuget,З,53,11212,0.0047270781
tin,Ali_Kuzhuget,И,1377,11212,0.1228148412
tin,Ali_Kuzhuget,Й,13,11212,0.0011594720
tin,Ali_Kuzhuget,К,500,11212,0.0445950767
tin,Ali_Kuzhuget,КК,30,11212,0.0026757046
tin,Ali_Kuzhuget,Л,373,11212,0.0332679272
tin,Ali_Kuzhuget,ЛЛЪ,2,11212,0.0001783803
tin,Ali_Kuzhuget,ЛЪ,564,11212,0.0503032465
tin,Ali_Kuzhuget,М,230,11212,0.0205137353
tin,Ali_Kuzhuget,Н,228,11212,0.0203353550
tin,Ali_Kuzhuget,О,125,11212,0.0111487692
tin,Ali_Kuzhuget,О̄,34,11212,0.0030324652
tin,Ali_Kuzhuget,П,44,11212,0.0039243667
tin,Ali_Kuzhuget,Р,430,11212,0.0383517660
tin,Ali_Kuzhuget,С,238,11212,0.0212272565
tin,Ali_Kuzhuget,Т,239,11212,0.0213164467
tin,Ali_Kuzhuget,У,597,11212,0.0532465216
tin,Ali_Kuzhuget,Ф,2,11212,0.0001783803
tin,Ali_Kuzhuget,Х,160,11212,0.0142704245
tin,Ali_Kuzhuget,ХХ,46,11212,0.0041027471
tin,Ali_Kuzhuget,ХЪ,76,11212,0.0067784517
tin,Ali_Kuzhuget,ХЬ,26,11212,0.0023189440
tin,Ali_Kuzhuget,Ц,74,11212,0.0066000714
tin,Ali_Kuzhuget,ЦЦ,92,11212,0.0082054941
tin,Ali_Kuzhuget,Ч,177,11212,0.0157866572
tin,Ali_Kuzhuget,ЧЧ,32,11212,0.0028540849
tin,Ali_Kuzhuget,Ш,29,11212,0.0025865144
tin,Ali_Kuzhuget,Щ,53,11212,0.0047270781
tin,Ali_Kuzhuget,Ь,88,11212,0.0078487335
tin,Ali_Kuzhuget,Э,39,11212,0.0034784160
tin,Ali_Kuzhuget,ᵸ,197,11212,0.0175704602
tsudaqar,Ali_Kuzhuget,А,2859348,18111774,0.1578723321
tsudaqar,Ali_Kuzhuget,Б,922500,18111774,0.0509337186
tsudaqar,Ali_Kuzhuget,В,266933,18111774,0.0147380925
tsudaqar,Ali_Kuzhuget,Г,145895,18111774,0.0080552573
tsudaqar,Ali_Kuzhuget,ГЪ,87161,18111774,0.0048123944
tsudaqar,Ali_Kuzhuget,ГЬ,134104,18111774,0.0074042443
tsudaqar,Ali_Kuzhuget,ГӀ,148880,18111774,0.0082200672
tsudaqar,Ali_Kuzhuget,Д,670314,18111774,0.0370098478
tsudaqar,Ali_Kuzhuget,Е,712545,18111774,0.0393415355
tsudaqar,Ali_Kuzhuget,Ж,65009,18111774,0.0035893226
tsudaqar,Ali_Kuzhuget,З,286646,18111774,0.0158265005
tsudaqar,Ali_Kuzhuget,И,2644191,18111774,0.1459929326
tsudaqar,Ali_Kuzhuget,Й,153777,18111774,0.0084904438
tsudaqar,Ali_Kuzhuget,К,284453,18111774,0.0157054190
tsudaqar,Ali_Kuzhuget,КЪ,63850,18111774,0.0035253311
tsudaqar,Ali_Kuzhuget,КЬ,117968,18111774,0.0065133322
tsudaqar,Ali_Kuzhuget,КӀ,118359,18111774,0.0065349203
tsudaqar,Ali_Kuzhuget,Л,1576894,18111774,0.0870645802
tsudaqar,Ali_Kuzhuget,М,396696,18111774,0.0219026585
tsudaqar,Ali_Kuzhuget,Н,729917,18111774,0.0403006906
tsudaqar,Ali_Kuzhuget,О,197964,18111774,0.0109301276
tsudaqar,Ali_Kuzhuget,П,123480,18111774,0.0068176646
tsudaqar,Ali_Kuzhuget,ПӀ,1784,18111774,0.0000984995
tsudaqar,Ali_Kuzhuget,Р,1249661,18111774,0.0689971617
tsudaqar,Ali_Kuzhuget,С,722736,18111774,0.0399042082
tsudaqar,Ali_Kuzhuget,Т,551480,18111774,0.0304487015
tsudaqar,Ali_Kuzhuget,ТӀ,47554,18111774,0.0026255849
tsudaqar,Ali_Kuzhuget,У,1044000,18111774,0.0576420620
tsudaqar,Ali_Kuzhuget,Ф,19060,18111774,0.0010523541
tsudaqar,Ali_Kuzhuget,Х,114817,18111774,0.0063393569
tsudaqar,Ali_Kuzhuget,ХЪ,175114,18111774,0.0096685173
tsudaqar,Ali_Kuzhuget,ХЬ,33409,18111774,0.0018446012
tsudaqar,Ali_Kuzhuget,ХӀ,306436,18111774,0.0169191599
tsudaqar,Ali_Kuzhuget,Ц,105847,18111774,0.0058440990
tsudaqar,Ali_Kuzhuget,ЦӀ,45384,18111774,0.0025057733
tsudaqar,Ali_Kuzhuget,Ч,292215,18111774,0.0161339800
tsudaqar,Ali_Kuzhuget,ЧӀ,14949,18111774,0.0008253747
tsudaqar,Ali_Kuzhuget,Ш,234549,18111774,0.0129500843
tsudaqar,Ali_Kuzhuget,Щ,3602,18111774,0.0001988762
tsudaqar,Ali_Kuzhuget,Ы,14022,18111774,0.0007741925
tsudaqar,Ali_Kuzhuget,Ь,38386,18111774,0.0021193948
tsudaqar,Ali_Kuzhuget,Э,21058,18111774,0.0011626691
tsudaqar,Ali_Kuzhuget,Ю,13999,18111774,0.0007729226
tsudaqar,Ali_Kuzhuget,Я,354828,18111774,0.0195910130
tyv,Ali_Kuzhuget,А,1489400,11367879,0.1310182841
tyv,Ali_Kuzhuget,Б,309765,11367879,0.0272491465
tyv,Ali_Kuzhuget,В,85908,11367879,0.0075570825
tyv,Ali_Kuzhuget,Г,489443,11367879,0.0430549094
tyv,Ali_Kuzhuget,Д,500539,11367879,0.0440309929
tyv,Ali_Kuzhuget,Е,660200,11367879,0.0580759172
tyv,Ali_Kuzhuget,Ж,124854,11367879,0.0109830515
tyv,Ali_Kuzhuget,З,161151,11367879,0.0141759954
tyv,Ali_Kuzhuget,И,591890,11367879,0.0520668807
tyv,Ali_Kuzhuget,Й,114310,11367879,0.0100555257
tyv,Ali_Kuzhuget,К,480693,11367879,0.0422851967
tyv,Ali_Kuzhuget,Л,623910,11367879,0.0548835891
tyv,Ali_Kuzhuget,М,192378,11367879,0.0169229458
tyv,Ali_Kuzhuget,Н,744674,11367879,0.0655068549
tyv,Ali_Kuzhuget,О,409549,11367879,0.0360268613
tyv,Ali_Kuzhuget,П,207572,11367879,0.0182595188
tyv,Ali_Kuzhuget,Р,900075,11367879,0.0791770391
tyv,Ali_Kuzhuget,С,248305,11367879,0.0218426850
tyv,Ali_Kuzhuget,Т,428831,11367879,0.0377230440
tyv,Ali_Kuzhuget,У,459492,11367879,0.0404202050
tyv,Ali_Kuzhuget,Ф,13129,11367879,0.0011549208
tyv,Ali_Kuzhuget,Х,113271,11367879,0.0099641279
tyv,Ali_Kuzhuget,Ц,13253,11367879,0.0011658287
tyv,Ali_Kuzhuget,Ч,281607,11367879,0.0247721673
tyv,Ali_Kuzhuget,Ш,185818,11367879,0.0163458812
tyv,Ali_Kuzhuget,Щ,530,11367879,0.0000466226
tyv,Ali_Kuzhuget,Ы,688284,11367879,0.0605463869
tyv,Ali_Kuzhuget,Ь,12408,11367879,0.0010914965
tyv,Ali_Kuzhuget,Э,247501,11367879,0.0217719594
tyv,Ali_Kuzhuget,Ю,5867,11367879,0.0005161033
tyv,Ali_Kuzhuget,Я,36388,11367879,0.0032009489
tyv,Ali_Kuzhuget,Ң,187958,11367879,0.0165341309
tyv,Ali_Kuzhuget,Ү,241457,11367879,0.0212402859
tyv,Ali_Kuzhuget,Ө,117469,11367879,0.0103334140
udm,vorgoron,А,731408,10008689,0.0730773031
udm,vorgoron,Б,104816,10008689,0.0104725004
udm,vorgoron,В,244691,10008689,0.0244478573
udm,vorgoron,Г,148070,10008689,0.0147941454
udm,vorgoron,Д,257303,10008689,0.0257079624
udm,vorgoron,Е,490842,10008689,0.0490415878
udm,vorgoron,Ж,78567,10008689,0.0078498792
udm,vorgoron,З,316355,10008689,0.0316080358
udm,vorgoron,И,431999,10008689,0.0431623962
udm,vorgoron,Й,67572,10008689,0.0067513338
udm,vorgoron,К,478464,10008689,0.0478048624
udm,vorgoron,Л,513949,10008689,0.0513502817
udm,vorgoron,М,363540,10008689,0.0363224394
udm,vorgoron,Н,717127,10008689,0.0716504429
udm,vorgoron,О,736033,10008689,0.0735394016
udm,vorgoron,П,200836,10008689,0.0200661645
udm,vorgoron,Р,482460,10008689,0.0482041154
udm,vorgoron,С,786887,10008689,0.0786203867
udm,vorgoron,Т,596179,10008689,0.0595661430
udm,vorgoron,У,422607,10008689,0.0422240116
udm,vorgoron,Ф,19581,10008689,0.0019564001
udm,vorgoron,Х,13637,10008689,0.0013625161
udm,vorgoron,Ц,21407,10008689,0.0021388416
udm,vorgoron,Ч,75370,10008689,0.0075304568
udm,vorgoron,Ш,117200,10008689,0.0117098253
udm,vorgoron,Щ,10045,10008689,0.0010036279
udm,vorgoron,Ы,743552,10008689,0.0742906489
udm,vorgoron,Ь,327533,10008689,0.0327248654
udm,vorgoron,Э,263790,10008689,0.0263560992
udm,vorgoron,Ю,44193,10008689,0.0044154634
udm,vorgoron,Ӝ,7090,10008689,0.0007083845
udm,vorgoron,Ӟ,23536,10008689,0.0023515567
udm,vorgoron,Ӥ,98133,10008689,0.0098047806
udm,vorgoron,Ӧ,52523,10008689,0.0052477402
udm,vorgoron,Ӵ,21394,10008689,0.0021375427
ukr,Ali_Kuzhuget,Є,1753617,384363113,0.0045623967
ukr,Ali_Kuzhuget,І,24095308,384363113,0.0626889189
ukr,Ali_Kuzhuget,Ї,3432678,384363113,0.0089308206
ukr,Ali_Kuzhuget,А,32464292,384363113,0.0844625587
ukr,Ali_Kuzhuget,Б,5834261,384363113,0.0151790346
ukr,Ali_Kuzhuget,В,20212899,384363113,0.0525880302
ukr,Ali_Kuzhuget,Г,6468911,384363113,0.0168302076
ukr,Ali_Kuzhuget,Д,12139900,384363113,0.0315844564
ukr,Ali_Kuzhuget,Е,18033756,384363113,0.0469185398
ukr,Ali_Kuzhuget,Ж,2796592,384363113,0.0072759115
ukr,Ali_Kuzhuget,З,7776635,384363113,0.0202325216
ukr,Ali_Kuzhuget,И,20838793,384363113,0.0542164227
ukr,Ali_Kuzhuget,Й,5154410,384363113,0.0134102619
ukr,Ali_Kuzhuget,К,16298159,384363113,0.0424030258
ukr,Ali_Kuzhuget,Л,14441803,384363113,0.0375733324
ukr,Ali_Kuzhuget,М,11592747,384363113,0.0301609249
ukr,Ali_Kuzhuget,Н,27841537,384363113,0.0724355071
ukr,Ali_Kuzhuget,О,36176347,384363113,0.0941202362
ukr,Ali_Kuzhuget,П,10551877,384363113,0.0274528867
ukr,Ali_Kuzhuget,Р,22046428,384363113,0.0573583345
ukr,Ali_Kuzhuget,С,17680325,384363113,0.0459990160
ukr,Ali_Kuzhuget,Т,18251189,384363113,0.0474842366
ukr,Ali_Kuzhuget,У,13332439,384363113,0.0346870929
ukr,Ali_Kuzhuget,Ф,1630005,384363113,0.0042407946
ukr,Ali_Kuzhuget,Х,4096810,384363113,0.0106586971
ukr,Ali_Kuzhuget,Ц,3745153,384363113,0.0097437888
ukr,Ali_Kuzhuget,Ч,4513082,384363113,0.0117417147
ukr,Ali_Kuzhuget,Ш,2477997,384363113,0.0064470208
ukr,Ali_Kuzhuget,Щ,1113655,384363113,0.0028974034
ukr,Ali_Kuzhuget,Ь,7216563,384363113,0.0187753787
ukr,Ali_Kuzhuget,Ю,2679117,384363113,0.0069702760
ukr,Ali_Kuzhuget,Я,7555402,384363113,0.0196569383
ukr,Ali_Kuzhuget,Ґ,120426,384363113,0.0003133131
uzb,Ali_Kuzhuget,Ў,2756882,173639855,0.0158770116
uzb,Ali_Kuzhuget,А,25622599,173639855,0.1475617392
uzb,Ali_Kuzhuget,Б,5672564,173639855,0.0326685599
uzb,Ali_Kuzhuget,В,2735611,173639855,0.0157545110
uzb,Ali_Kuzhuget,Г,5648302,173639855,0.0325288339
uzb,Ali_Kuzhuget,Д,6938068,173639855,0.0399566563
uzb,Ali_Kuzhuget,Е,3749126,173639855,0.0215913910
uzb,Ali_Kuzhuget,Ж,1078041,173639855,0.0062084883
uzb,Ali_Kuzhuget,З,2568666,173639855,0.0147930669
uzb,Ali_Kuzhuget,И,23898603,173639855,0.1376331661
uzb,Ali_Kuzhuget,Й,2644739,173639855,0.0152311749
uzb,Ali_Kuzhuget,К,5156428,173639855,0.0296961086
uzb,Ali_Kuzhuget,Л,10837999,173639855,0.0624165403
uzb,Ali_Kuzhuget,М,6059455,173639855,0.0348966831
uzb,Ali_Kuzhuget,Н,12199504,173639855,0.0702575109
uzb,Ali_Kuzhuget,О,8781115,173639855,0.0505708496
uzb,Ali_Kuzhuget,П,1349398,173639855,0.0077712458
uzb,Ali_Kuzhuget,Р,10432742,173639855,0.0600826463
uzb,Ali_Kuzhuget,С,5409895,173639855,0.0311558369
uzb,Ali_Kuzhuget,Т,7652198,173639855,0.0440693641
uzb,Ali_Kuzhuget,У,5615589,173639855,0.0323404382
uzb,Ali_Kuzhuget,Ф,1036988,173639855,0.0059720621
uzb,Ali_Kuzhuget,Х,1178610,173639855,0.0067876698
uzb,Ali_Kuzhuget,Ц,268530,173639855,0.0015464768
uzb,Ali_Kuzhuget,Ч,1854953,173639855,0.0106827606
uzb,Ali_Kuzhuget,Ш,3579578,173639855,0.0206149562
uzb,Ali_Kuzhuget,Щ,26961,173639855,0.0001552697
uzb,Ali_Kuzhuget,Ь,99897,173639855,0.0005753115
uzb,Ali_Kuzhuget,Э,907637,173639855,0.0052271237
uzb,Ali_Kuzhuget,Ю,392582,173639855,0.0022608980
uzb,Ali_Kuzhuget,Я,1206139,173639855,0.0069462106
uzb,Ali_Kuzhuget,Ғ,680100,173639855,0.0039167275
uzb,Ali_Kuzhuget,Қ,3739709,173639855,0.0215371580
uzb,Ali_Kuzhuget,Ҳ,1860647,173639855,0.0107155526
xal,Ali_Kuzhuget,А,1369637,14927562,0.0917522232
xal,Ali_Kuzhuget,Б,367500,14927562,0.0246188895
xal,Ali_Kuzhuget,В,443078,14927562,0.0296818730
xal,Ali_Kuzhuget,Г,655296,14927562,0.0438983941
xal,Ali_Kuzhuget,Д,947747,14927562,0.0634897380
xal,Ali_Kuzhuget,Е,463839,14927562,0.0310726561
xal,Ali_Kuzhuget,Ж,23650,14927562,0.0015843177
xal,Ali_Kuzhuget,З,164867,14927562,0.0110444693
xal,Ali_Kuzhuget,И,634543,14927562,0.0425081470
xal,Ali_Kuzhuget,Й,131261,14927562,0.0087931974
xal,Ali_Kuzhuget,К,499552,14927562,0.0334650762
xal,Ali_Kuzhuget,Л,783745,14927562,0.0525032152
xal,Ali_Kuzhuget,М,386777,14927562,0.0259102592
xal,Ali_Kuzhuget,Н,1415303,14927562,0.0948113965
xal,Ali_Kuzhuget,О,569997,14927562,0.0381841991
xal,Ali_Kuzhuget,П,33931,14927562,0.0022730436
xal,Ali_Kuzhuget,Р,951267,14927562,0.0637255434
xal,Ali_Kuzhuget,С,543001,14927562,0.0363757324
xal,Ali_Kuzhuget,Т,561515,14927562,0.0376159885
xal,Ali_Kuzhuget,У,463228,14927562,0.0310317251
xal,Ali_Kuzhuget,Ф,7405,14927562,0.0004960623
xal,Ali_Kuzhuget,Х,483421,14927562,0.0323844577
xal,Ali_Kuzhuget,Ц,131287,14927562,0.0087949392
xal,Ali_Kuzhuget,Ч,233132,14927562,0.0156175536
xal,Ali_Kuzhuget,Ш,140639,14927562,0.0094214313
xal,Ali_Kuzhuget,Щ,2040,14927562,0.0001366600
xal,Ali_Kuzhuget,Ы,26828,14927562,0.0017972124
xal,Ali_Kuzhuget,Ь,194289,14927562,0.0130154542
xal,Ali_Kuzhuget,Э,143565,14927562,0.0096174446
xal,Ali_Kuzhuget,Ю,29168,14927562,0.0019539694
xal,Ali_Kuzhuget,Я,50999,14927562,0.0034164320
xal,Ali_Kuzhuget,Җ,237090,14927562,0.0158827007
xal,Ali_Kuzhuget,Ң,73833,14927562,0.0049460856
xal,Ali_Kuzhuget,Ү,389437,14927562,0.0260884530
xal,Ali_Kuzhuget,Һ,302348,14927562,0.0202543456
xal,Ali_Kuzhuget,Ә,838519,14927562,0.0561725351
xal,Ali_Kuzhuget,Ө,233828,14927562,0.0156641788
xdq,urssivar,А,5266,33615,0.1566562546
xdq,urssivar,Б,1228,33615,0.0365313104
xdq,urssivar,В,1106,33615,0.0329019783
xdq,urssivar,Г,268,33615,0.0079726313
xdq,urssivar,Д,755,33615,0.0224602112
xdq,urssivar,Е,1157,33615,0.0344191581
xdq,urssivar,Ж,400,33615,0.0118994497
xdq,urssivar,З,147,33615,0.0043730477
xdq,urssivar,И,4256,33615,0.1266101443
xdq,urssivar,Й,295,33615,0.0087758441
xdq,urssivar,К,1177,33615,0.0350141306
xdq,urssivar,Л,2862,33615,0.0851405622
xdq,urssivar,М,385,33615,0.0114532203
xdq,urssivar,Н,1332,33615,0.0396251673
xdq,urssivar,О,285,33615,0.0084783579
xdq,urssivar,П,117,33615,0.0034805890
xdq,urssivar,Р,2235,33615,0.0664881749
xdq,urssivar,С,425,33615,0.0126431653
xdq,urssivar,Т,1195,33615,0.0355496058
xdq,urssivar,У,1973,33615,0.0586940354
xdq,urssivar,Х,285,33615,0.0084783579
xdq,urssivar,Ц,1825,33615,0.0542912390
xdq,urssivar,Ч,650,33615,0.0193366057
xdq,urssivar,Ш,393,33615,0.0116912093
xdq,urssivar,Ғ,215,33615,0.0063959542
xdq,urssivar,Ҡ,675,33615,0.0200803213
xdq,urssivar,Ҳ,166,33615,0.0049382716
xdq,urssivar,Һ,942,33615,0.0280232039
xdq,urssivar,Ӏ,942,33615,0.0280232039
xdq,urssivar,Ә,658,33615,0.0195745947
yrk,Ali_Kuzhuget,А,39880,218351,0.1826417099
yrk,Ali_Kuzhuget,Б,3578,218351,0.0163864603
yrk,Ali_Kuzhuget,В,8162,218351,0.0373801815
yrk,Ali_Kuzhuget,Г,2057,218351,0.0094206118
yrk,Ali_Kuzhuget,Д,15349,218351,0.0702950754
yrk,Ali_Kuzhuget,Е,7820,218351,0.0358138960
yrk,Ali_Kuzhuget,Ж,9,218351,0.0000412180
yrk,Ali_Kuzhuget,З,961,218351,0.0044011706
yrk,Ali_Kuzhuget,И,12916,218351,0.0591524655
yrk,Ali_Kuzhuget,Й,1824,218351,0.0083535225
yrk,Ali_Kuzhuget,К,3324,218351,0.0152231957
yrk,Ali_Kuzhuget,Л,4116,218351,0.0188503831
yrk,Ali_Kuzhuget,М,13125,218351,0.0601096400
yrk,Ali_Kuzhuget,Н,20760,218351,0.0950762763
yrk,Ali_Kuzhuget,О,7428,218351,0.0340186214
yrk,Ali_Kuzhuget,П,3813,218351,0.0174627091
yrk,Ali_Kuzhuget,Р,8482,218351,0.0388457117
yrk,Ali_Kuzhuget,С,7343,218351,0.0336293399
yrk,Ali_Kuzhuget,Т,9689,218351,0.0443735087
yrk,Ali_Kuzhuget,У,4875,218351,0.0223264377
yrk,Ali_Kuzhuget,Ф,472,218351,0.0021616571
yrk,Ali_Kuzhuget,Х,8679,218351,0.0397479288
yrk,Ali_Kuzhuget,Ц,1870,218351,0.0085641925
yrk,Ali_Kuzhuget,Ч,34,218351,0.0001557126
yrk,Ali_Kuzhuget,Ш,5,218351,0.0000228989
yrk,Ali_Kuzhuget,Щ,3,218351,0.0000137393
yrk,Ali_Kuzhuget,Ы,4249,218351,0.0194594941
yrk,Ali_Kuzhuget,Ь,2219,218351,0.0101625365
yrk,Ali_Kuzhuget,Э,7460,218351,0.0341651744
yrk,Ali_Kuzhuget,Ю,1798,218351,0.0082344482
yrk,Ali_Kuzhuget,Я,9456,218351,0.0433064195
yrk,Ali_Kuzhuget,Ӈ,6595,218351,0.0302036629
